employee_id,name,department,city,salary,email,join_date
1,Rohan Pawar,Sales,Nagpur,59300,rohan.pawar0001@company.com,2021-04-05
2,Manish Kulkarni,R&D,Kolhapur,63300,manish.kulkarni0002@company.com,2021-02-28
3,Pooja Gupta,Admin,Bengaluru,26700,pooja.gupta0003@corp.in,2022-05-05
4,Manish Suryawanshi,Marketing,Solapur,73600,manish.suryawanshi0004@example.com,2020-03-08
5,Kiran Suryawanshi,Operations,Thane,42200,kiran.suryawanshi0005@company.com,2023-11-20
6,Rohan Kulkarni,Data Engineering,Mumbai,107100,rohan.kulkarni0006@example.com,2023-01-29
7,Rahul Naik,Admin,Mumbai,49800,rahul.naik0007@company.com,2023-05-26
8,Arjun Kamble,R&D,Nagpur,73200,arjun.kamble0008@company.com,2022-09-01
9,Vikas Kulkarni,Marketing,Mumbai,59900,vikas.kulkarni0009@example.com,2025-03-13
10,Saurabh Joshi,Operations,Aurangabad,45700,saurabh.joshi0010@corp.in,2023-02-08
11,Meera Iyer,Finance,Delhi,87800,meera.iyer0011@company.com,2021-12-11
12,Shreya Chavan,Sales,Delhi,58800,shreya.chavan0012@corp.in,2023-10-01
13,Rahul Gupta,IT,Aurangabad,97600,rahul.gupta0013@example.com,2020-11-08
14,Pooja Reddy,Operations,Nagpur,75000,pooja.reddy0014@example.com,2024-07-19
15,Shreya Desai,Sales,Nashik,62300,shreya.desai0015@corp.in,2023-01-22
16,Isha Suryawanshi,R&D,Kolhapur,149900,isha.suryawanshi0016@company.com,2021-08-30
17,Komal More,HR,Pune,42200,komal.more0017@company.com,2021-11-27
18,Nikhil Iyer,HR,Kolhapur,60000,nikhil.iyer0018@corp.in,2025-05-12
19,Komal Singh,Admin,Pune,32500,komal.singh0019@corp.in,2023-02-07
20,Priya Patil,Sales,Kolhapur,50700,priya.patil0020@example.com,2020-02-24
21,Sneha Gadkari,Finance,Delhi,47000,sneha.gadkari0021@corp.in,2023-06-17
22,Komal Iyer,Marketing,Nashik,59500,komal.iyer0022@company.com,2026-01-22
23,Asha Iyer,Operations,Solapur,33300,asha.iyer0023@company.com,2024-03-07
24,Vikas Gupta,IT,Nagpur,119400,vikas.gupta0024@company.com,2021-01-26
25,Aditya Kulkarni,Admin,Nashik,33400,aditya.kulkarni0025@corp.in,2025-06-10
26,Manish Joshi,Sales,Delhi,109500,manish.joshi0026@example.com,2022-06-27
27,Manish Jadhav,Sales,Kolhapur,78900,manish.jadhav0027@example.com,2025-11-30
28,Shreya Patil,Marketing,Nagpur,39200,shreya.patil0028@example.com,2020-05-07
29,Isha Shetty,Marketing,Bengaluru,49400,isha.shetty0029@company.com,2020-11-27
30,Rahul Gupta,HR,Pune,56700,rahul.gupta0030@company.com,2025-11-16
31,Amit Singh,Support,Nagpur,63300,amit.singh0031@company.com,2025-05-31
32,Amit More,Data Engineering,Nagpur,72400,amit.more0032@company.com,2024-12-11
33,Saurabh Suryawanshi,Data Engineering,Solapur,173200,saurabh.suryawanshi0033@corp.in,2020-09-19
34,Rohan Sharma,Data Engineering,Aurangabad,164900,rohan.sharma0034@company.com,2022-11-25
35,Pooja Jadhav,Admin,Solapur,34200,pooja.jadhav0035@example.com,2022-03-03
36,Sneha Naik,Marketing,Mumbai,64000,sneha.naik0036@corp.in,2021-03-18
37,Rahul Shetty,IT,Mumbai,76000,rahul.shetty0037@company.com,2024-09-01
38,Aditya More,Marketing,Kolhapur,38800,aditya.more0038@company.com,2024-05-12
39,Asha Chavan,Sales,Solapur,67400,asha.chavan0039@example.com,2025-07-27
40,Neha Jadhav,Sales,Nagpur,37700,neha.jadhav0040@corp.in,2020-10-17
41,Priya Sharma,IT,Bengaluru,107500,priya.sharma0041@corp.in,2026-01-25
42,Kiran Sharma,Admin,Mumbai,37200,kiran.sharma0042@company.com,2020-11-15
43,Amit Chavan,HR,Bengaluru,51100,amit.chavan0043@corp.in,2020-07-22
44,Arjun Kulkarni,Data Engineering,Bengaluru,134100,arjun.kulkarni0044@corp.in,2023-08-29
45,Sneha Jadhav,Operations,Nagpur,49400,sneha.jadhav0045@example.com,2021-07-31
46,Vikas Naik,Operations,Mumbai,32600,vikas.naik0046@example.com,2021-03-26
47,Meera Shetty,Marketing,Delhi,52400,meera.shetty0047@company.com,2024-01-10
48,Meera Gupta,Operations,Thane,42300,meera.gupta0048@example.com,2023-07-04
49,Arjun Gadkari,IT,Delhi,84200,arjun.gadkari0049@corp.in,2021-04-10
50,Neha Singh,HR,Mumbai,71300,neha.singh0050@company.com,2023-03-02
51,Vikas Iyer,Marketing,Aurangabad,48300,vikas.iyer0051@corp.in,2023-01-27
52,Komal More,Sales,Pune,42100,komal.more0052@corp.in,2024-11-10
53,Sneha Sharma,IT,Aurangabad,62100,sneha.sharma0053@corp.in,2023-01-18
54,Kiran Naik,Admin,Kolhapur,61800,kiran.naik0054@company.com,2021-05-14
55,Meera Desai,Admin,Pune,49200,meera.desai0055@corp.in,2021-10-09
56,Nikhil Desai,IT,Thane,92800,nikhil.desai0056@company.com,2024-02-15
57,Pooja Gupta,HR,Aurangabad,71700,pooja.gupta0057@example.com,2021-11-05
58,Amit Joshi,Finance,Kolhapur,41600,amit.joshi0058@company.com,2023-11-02
59,Nikhil Gupta,Sales,Nashik,44200,nikhil.gupta0059@example.com,2020-07-18
60,Aditya Gupta,Marketing,Solapur,57900,aditya.gupta0060@example.com,2022-08-31
61,Amit Pawar,Marketing,Kolhapur,56500,amit.pawar0061@example.com,2020-11-21
62,Sneha Kamble,Admin,Kolhapur,60100,sneha.kamble0062@example.com,2020-06-03
63,Rohan Singh,Finance,Bengaluru,57400,rohan.singh0063@company.com,2021-04-30
64,Arjun Suryawanshi,Operations,Aurangabad,60600,arjun.suryawanshi0064@corp.in,2025-11-05
65,Rohan Chavan,R&D,Nagpur,121800,rohan.chavan0065@company.com,2025-01-01
66,Asha Gadkari,Admin,Nagpur,48900,asha.gadkari0066@example.com,2020-11-23
67,Priya Iyer,Operations,Mumbai,79200,priya.iyer0067@example.com,2025-10-19
68,Vikas Suryawanshi,Operations,Kolhapur,77700,vikas.suryawanshi0068@example.com,2021-07-16
69,Pooja Suryawanshi,Data Engineering,Nashik,140700,pooja.suryawanshi0069@corp.in,2023-06-27
70,Anjali Shetty,IT,Thane,82600,anjali.shetty0070@company.com,2024-12-06
71,Isha Iyer,Operations,Solapur,61000,isha.iyer0071@example.com,2022-07-05
72,Komal More,Finance,Mumbai,58600,komal.more0072@corp.in,2023-11-14
73,Meera Gupta,Sales,Nagpur,56100,meera.gupta0073@company.com,2020-05-21
74,Rahul Gupta,Support,Bengaluru,32800,rahul.gupta0074@example.com,2024-10-04
75,Isha Jadhav,Data Engineering,Solapur,112400,isha.jadhav0075@company.com,2021-10-07
76,Asha Patil,Data Engineering,Nagpur,83100,asha.patil0076@corp.in,2025-12-02
77,Shreya Sharma,Admin,Nagpur,33000,shreya.sharma0077@example.com,2021-08-10
78,Shreya Gadkari,Admin,Bengaluru,45800,shreya.gadkari0078@example.com,2025-10-09
79,Nikhil Shetty,Support,Nashik,59100,nikhil.shetty0079@example.com,2023-01-07
80,Amit Singh,Admin,Solapur,40700,amit.singh0080@example.com,2025-01-16
81,Meera Mehta,Marketing,Thane,57000,meera.mehta0081@example.com,2021-01-06
82,Neha Desai,Marketing,Kolhapur,80500,neha.desai0082@company.com,2022-07-06
83,Meera Suryawanshi,Data Engineering,Aurangabad,131100,meera.suryawanshi0083@example.com,2024-10-10
84,Rahul Jadhav,Data Engineering,Kolhapur,178600,rahul.jadhav0084@corp.in,2020-05-01
85,Isha Chavan,Support,Pune,51100,isha.chavan0085@example.com,2024-06-26
86,Nikhil Shetty,Admin,Bengaluru,39500,nikhil.shetty0086@example.com,2022-07-28
87,Sneha Suryawanshi,Support,Pune,53500,sneha.suryawanshi0087@example.com,2024-08-24
88,Kiran Naik,Finance,Bengaluru,75000,kiran.naik0088@company.com,2024-07-12
89,Isha Reddy,IT,Mumbai,129200,isha.reddy0089@example.com,2021-08-19
90,Shreya Joshi,IT,Thane,94700,shreya.joshi0090@example.com,2022-06-26
91,Shreya Bhosale,Operations,Kolhapur,50200,shreya.bhosale0091@example.com,2022-12-10
92,Meera More,IT,Delhi,51800,meera.more0092@example.com,2022-08-17
93,Meera Sharma,IT,Nagpur,71100,meera.sharma0093@company.com,2021-10-27
94,Amit Desai,Support,Mumbai,65000,amit.desai0094@company.com,2025-04-29
95,Sneha Kamble,Finance,Bengaluru,79800,sneha.kamble0095@corp.in,2021-05-25
96,Kiran Mehta,HR,Bengaluru,36700,kiran.mehta0096@example.com,2024-04-27
97,Anjali Jadhav,HR,Bengaluru,76100,anjali.jadhav0097@company.com,2021-04-03
98,Vikas Iyer,HR,Bengaluru,37700,vikas.iyer0098@example.com,2026-02-01
99,Nikhil Kamble,HR,Delhi,77400,nikhil.kamble0099@example.com,2020-04-02
100,Nikhil More,HR,Kolhapur,58700,nikhil.more0100@corp.in,2025-04-08
101,Neha Suryawanshi,Finance,Delhi,82600,neha.suryawanshi0101@example.com,2025-07-14
102,Shreya Suryawanshi,R&D,Thane,139500,shreya.suryawanshi0102@company.com,2021-01-30
103,Sneha Naik,Marketing,Solapur,72300,sneha.naik0103@corp.in,2024-05-12
104,Priya Pawar,Support,Aurangabad,39900,priya.pawar0104@example.com,2022-06-28
105,Saurabh Singh,Operations,Thane,71100,saurabh.singh0105@corp.in,2023-03-18
106,Manish Pawar,Admin,Nagpur,30600,manish.pawar0106@company.com,2024-09-01
107,Aditya Shetty,Marketing,Solapur,77300,aditya.shetty0107@corp.in,2025-08-13
108,Shreya Pawar,HR,Thane,49500,shreya.pawar0108@example.com,2022-11-03
109,Vikas Reddy,Operations,Solapur,68300,vikas.reddy0109@corp.in,2023-12-20
110,Nikhil Shetty,Operations,Aurangabad,78100,nikhil.shetty0110@example.com,2023-02-24
111,Vikas Singh,Marketing,Mumbai,82300,vikas.singh0111@company.com,2023-08-26
112,Rohan Shetty,Finance,Nagpur,54200,rohan.shetty0112@corp.in,2025-07-17
113,Sneha Reddy,Admin,Bengaluru,43500,sneha.reddy0113@company.com,2022-04-16
114,Vikas Gupta,Operations,Nashik,51800,vikas.gupta0114@company.com,2026-02-06
115,Neha Singh,IT,Pune,117500,neha.singh0115@example.com,2021-07-12
116,Aditya Patil,IT,Bengaluru,82300,aditya.patil0116@example.com,2025-06-24
117,Shreya Bhosale,Finance,Pune,56500,shreya.bhosale0117@example.com,2021-05-23
118,Meera Chavan,Support,Mumbai,65800,meera.chavan0118@corp.in,2020-09-17
119,Neha Desai,R&D,Thane,77300,neha.desai0119@company.com,2021-06-10
120,Manish Suryawanshi,R&D,Bengaluru,114200,manish.suryawanshi0120@corp.in,2024-05-18
121,Shreya Naik,Sales,Bengaluru,86200,shreya.naik0121@example.com,2020-10-14
122,Arjun Patil,Marketing,Nagpur,52300,arjun.patil0122@corp.in,2021-01-08
123,Kiran Gupta,Finance,Delhi,44900,kiran.gupta0123@company.com,2020-02-21
124,Nikhil Naik,R&D,Solapur,131400,nikhil.naik0124@company.com,2022-09-16
125,Vikas Mehta,Support,Mumbai,43300,vikas.mehta0125@example.com,2022-05-01
126,Nikhil Patil,Admin,Nagpur,34800,nikhil.patil0126@example.com,2021-09-15
127,Meera Sharma,Finance,Thane,79000,meera.sharma0127@corp.in,2023-05-08
128,Shreya Patil,Support,Thane,54400,shreya.patil0128@example.com,2025-09-21
129,Manish More,Support,Mumbai,67200,manish.more0129@company.com,2024-12-15
130,Priya Iyer,Sales,Pune,42000,priya.iyer0130@company.com,2020-05-05
131,Sneha Reddy,IT,Nashik,106700,sneha.reddy0131@corp.in,2025-01-26
132,Sneha Joshi,R&D,Kolhapur,183900,sneha.joshi0132@company.com,2025-05-20
133,Saurabh Suryawanshi,Operations,Aurangabad,75900,saurabh.suryawanshi0133@company.com,2021-11-30
134,Priya Suryawanshi,Support,Thane,54200,priya.suryawanshi0134@corp.in,2020-07-10
135,Shreya Kulkarni,Operations,Thane,53200,shreya.kulkarni0135@company.com,2024-08-23
136,Komal Pawar,Admin,Solapur,52100,komal.pawar0136@company.com,2022-03-20
137,Komal Kamble,R&D,Solapur,170900,komal.kamble0137@company.com,2022-05-24
138,Sneha Shetty,Finance,Thane,68700,sneha.shetty0138@corp.in,2025-07-19
139,Rohan Pawar,R&D,Nagpur,96500,rohan.pawar0139@example.com,2020-04-07
140,Manish Suryawanshi,HR,Nagpur,42400,manish.suryawanshi0140@example.com,2021-06-06
141,Neha More,Sales,Delhi,65800,neha.more0141@example.com,2025-07-10
142,Aditya Gupta,Support,Delhi,37500,aditya.gupta0142@example.com,2022-04-01
143,Arjun Gadkari,Finance,Mumbai,58100,arjun.gadkari0143@example.com,2023-12-04
144,Komal Singh,IT,Thane,84100,komal.singh0144@corp.in,2025-08-08
145,Neha Naik,Admin,Solapur,47600,neha.naik0145@example.com,2024-05-05
146,Shreya Bhosale,Marketing,Nagpur,72500,shreya.bhosale0146@example.com,2022-09-24
147,Nikhil Sharma,Operations,Solapur,78200,nikhil.sharma0147@example.com,2024-06-10
148,Neha More,IT,Nashik,110800,neha.more0148@corp.in,2023-11-01
149,Rohan Naik,HR,Delhi,64900,rohan.naik0149@company.com,2021-09-23
150,Nikhil Desai,HR,Solapur,52400,nikhil.desai0150@example.com,2024-07-27
151,Meera Bhosale,Admin,Kolhapur,45800,meera.bhosale0151@corp.in,2025-08-01
152,Manish Sharma,R&D,Mumbai,116500,manish.sharma0152@corp.in,2023-05-03
153,Amit Kulkarni,Data Engineering,Mumbai,159700,amit.kulkarni0153@corp.in,2021-03-28
154,Shreya Joshi,Sales,Pune,36000,shreya.joshi0154@example.com,2020-09-27
155,Vikas Kamble,Operations,Kolhapur,41500,vikas.kamble0155@company.com,2026-01-25
156,Nikhil Reddy,Finance,Nashik,51500,nikhil.reddy0156@company.com,2024-05-26
157,Arjun Gupta,Support,Bengaluru,37400,arjun.gupta0157@company.com,2025-04-13
158,Sneha Naik,Sales,Pune,91000,sneha.naik0158@example.com,2021-11-19
159,Meera Naik,Operations,Bengaluru,51600,meera.naik0159@corp.in,2024-11-13
160,Sneha Naik,Sales,Nagpur,80400,sneha.naik0160@example.com,2021-04-22
161,Amit Chavan,R&D,Aurangabad,132600,amit.chavan0161@corp.in,2023-06-04
162,Asha Chavan,Sales,Pune,104200,asha.chavan0162@corp.in,2020-08-29
163,Arjun More,Sales,Nagpur,109600,arjun.more0163@example.com,2022-07-27
164,Pooja Iyer,Sales,Nashik,42700,pooja.iyer0164@corp.in,2020-07-21
165,Vikas Naik,IT,Bengaluru,92800,vikas.naik0165@corp.in,2021-08-02
166,Meera Mehta,Operations,Kolhapur,43500,meera.mehta0166@company.com,2021-08-05
167,Manish Kamble,Admin,Delhi,42900,manish.kamble0167@company.com,2022-12-29
168,Aditya Mehta,Operations,Mumbai,62700,aditya.mehta0168@company.com,2021-09-09
169,Amit Chavan,Admin,Aurangabad,30900,amit.chavan0169@example.com,2020-04-08
170,Sneha Shetty,HR,Solapur,59200,sneha.shetty0170@corp.in,2023-01-19
171,Isha Chavan,Operations,Mumbai,76200,isha.chavan0171@company.com,2025-05-26
172,Asha Iyer,Admin,Aurangabad,65000,asha.iyer0172@company.com,2020-10-26
173,Shreya Mehta,Data Engineering,Mumbai,78300,shreya.mehta0173@company.com,2020-07-12
174,Vikas More,HR,Mumbai,50400,vikas.more0174@corp.in,2021-08-19
175,Anjali Naik,Operations,Delhi,59500,anjali.naik0175@corp.in,2021-11-04
176,Nikhil Patil,Support,Bengaluru,54700,nikhil.patil0176@example.com,2020-06-24
177,Saurabh Jadhav,Support,Solapur,43500,saurabh.jadhav0177@example.com,2021-03-23
178,Saurabh Shetty,Operations,Pune,58100,saurabh.shetty0178@example.com,2022-03-29
179,Rohan Naik,HR,Nagpur,77100,rohan.naik0179@corp.in,2020-05-08
180,Rahul Bhosale,Marketing,Nashik,86600,rahul.bhosale0180@corp.in,2022-05-31
181,Meera Shetty,Marketing,Bengaluru,49200,meera.shetty0181@company.com,2023-10-18
182,Neha Iyer,IT,Thane,64000,neha.iyer0182@company.com,2022-12-03
183,Kiran Patil,IT,Nashik,46900,kiran.patil0183@example.com,2022-10-12
184,Isha Bhosale,IT,Nashik,79800,isha.bhosale0184@company.com,2021-07-14
185,Nikhil Gadkari,HR,Mumbai,66200,nikhil.gadkari0185@example.com,2024-03-03
186,Komal Reddy,HR,Solapur,68000,komal.reddy0186@company.com,2020-08-06
187,Komal Mehta,Support,Pune,32000,komal.mehta0187@example.com,2024-08-13
188,Nikhil Patil,Support,Solapur,32800,nikhil.patil0188@company.com,2023-09-22
189,Arjun Desai,HR,Nashik,53000,arjun.desai0189@corp.in,2023-10-04
190,Anjali Iyer,Admin,Thane,54700,anjali.iyer0190@corp.in,2024-12-08
191,Rohan Patil,Admin,Nagpur,53200,rohan.patil0191@example.com,2022-09-03
192,Nikhil Bhosale,Support,Kolhapur,55300,nikhil.bhosale0192@corp.in,2021-03-06
193,Priya Suryawanshi,Operations,Thane,56500,priya.suryawanshi0193@company.com,2025-06-06
194,Meera Kulkarni,HR,Mumbai,63300,meera.kulkarni0194@company.com,2024-04-16
195,Neha Shetty,IT,Bengaluru,118600,neha.shetty0195@corp.in,2023-10-23
196,Rohan Suryawanshi,Operations,Kolhapur,79300,rohan.suryawanshi0196@company.com,2023-05-04
197,Arjun Mehta,Operations,Mumbai,69900,arjun.mehta0197@corp.in,2022-07-01
198,Neha More,Marketing,Mumbai,57900,neha.more0198@corp.in,2024-03-26
199,Rohan Singh,R&D,Nagpur,167500,rohan.singh0199@corp.in,2020-05-28
200,Arjun Singh,IT,Nashik,80800,arjun.singh0200@corp.in,2023-07-30
201,Priya Kamble,IT,Nashik,63800,priya.kamble0201@corp.in,2024-08-09
202,Meera Desai,IT,Mumbai,114500,meera.desai0202@company.com,2024-04-30
203,Nikhil Naik,Operations,Nashik,56300,nikhil.naik0203@example.com,2023-10-01
204,Isha Iyer,HR,Pune,45200,isha.iyer0204@company.com,2020-09-01
205,Meera Singh,Support,Kolhapur,59800,meera.singh0205@corp.in,2025-01-25
206,Nikhil Singh,Marketing,Delhi,42500,nikhil.singh0206@example.com,2024-12-06
207,Rohan Mehta,R&D,Solapur,193100,rohan.mehta0207@corp.in,2023-07-28
208,Rahul Gupta,Data Engineering,Bengaluru,67200,rahul.gupta0208@company.com,2022-05-28
209,Vikas Jadhav,Finance,Thane,59000,vikas.jadhav0209@example.com,2021-06-16
210,Asha More,Data Engineering,Nashik,76900,asha.more0210@example.com,2026-01-31
211,Amit Gadkari,Admin,Aurangabad,29700,amit.gadkari0211@example.com,2020-08-02
212,Nikhil Pawar,Support,Mumbai,48500,nikhil.pawar0212@corp.in,2024-12-04
213,Isha Chavan,Data Engineering,Thane,75100,isha.chavan0213@example.com,2020-05-06
214,Priya Joshi,R&D,Solapur,149900,priya.joshi0214@company.com,2025-01-03
215,Rohan Gupta,Data Engineering,Bengaluru,112500,rohan.gupta0215@corp.in,2020-12-29
216,Anjali Mehta,Operations,Nagpur,53800,anjali.mehta0216@company.com,2020-12-19
217,Komal Patil,Admin,Delhi,37700,komal.patil0217@example.com,2024-01-19
218,Neha Gupta,HR,Nashik,51800,neha.gupta0218@company.com,2022-01-21
219,Arjun Desai,HR,Nashik,76200,arjun.desai0219@example.com,2025-04-25
220,Isha Reddy,Support,Bengaluru,69600,isha.reddy0220@corp.in,2023-09-26
221,Priya Desai,Support,Mumbai,58700,priya.desai0221@example.com,2023-07-05
222,Sneha Reddy,IT,Aurangabad,111500,sneha.reddy0222@company.com,2023-08-05
223,Shreya Naik,IT,Pune,93300,shreya.naik0223@example.com,2020-12-21
224,Meera Iyer,R&D,Delhi,155800,meera.iyer0224@example.com,2020-07-28
225,Shreya Reddy,Marketing,Aurangabad,74600,shreya.reddy0225@example.com,2025-09-25
226,Neha Sharma,Support,Mumbai,50500,neha.sharma0226@corp.in,2021-01-21
227,Komal Joshi,IT,Nagpur,137700,komal.joshi0227@example.com,2025-01-14
228,Komal Gadkari,R&D,Nashik,150400,komal.gadkari0228@example.com,2023-04-14
229,Anjali Suryawanshi,Operations,Bengaluru,35400,anjali.suryawanshi0229@corp.in,2023-11-12
230,Meera Bhosale,HR,Delhi,79500,meera.bhosale0230@example.com,2023-04-19
231,Sneha Iyer,Finance,Aurangabad,45300,sneha.iyer0231@corp.in,2021-09-12
232,Saurabh Mehta,Data Engineering,Nashik,138000,saurabh.mehta0232@corp.in,2021-01-23
233,Vikas Shetty,Data Engineering,Aurangabad,166600,vikas.shetty0233@company.com,2026-01-06
234,Meera Suryawanshi,Admin,Aurangabad,26200,meera.suryawanshi0234@example.com,2023-07-30
235,Kiran Jadhav,Operations,Solapur,44600,kiran.jadhav0235@company.com,2021-08-27
236,Neha Kulkarni,Sales,Mumbai,96500,neha.kulkarni0236@corp.in,2026-01-06
237,Rahul Bhosale,R&D,Nashik,153800,rahul.bhosale0237@company.com,2021-12-06
238,Kiran Iyer,Finance,Solapur,42900,kiran.iyer0238@example.com,2024-03-13
239,Amit Naik,R&D,Thane,172700,amit.naik0239@company.com,2026-02-06
240,Amit Mehta,Support,Nagpur,52100,amit.mehta0240@corp.in,2025-01-19
241,Shreya Mehta,Data Engineering,Delhi,129100,shreya.mehta0241@example.com,2021-12-05
242,Pooja Iyer,Finance,Thane,43400,pooja.iyer0242@corp.in,2025-07-02
243,Saurabh Shetty,HR,Delhi,43200,saurabh.shetty0243@example.com,2021-01-19
244,Kiran Singh,Support,Delhi,37700,kiran.singh0244@example.com,2021-02-20
245,Amit Naik,Operations,Pune,59200,amit.naik0245@company.com,2024-07-22
246,Komal Kamble,Marketing,Kolhapur,40300,komal.kamble0246@example.com,2022-08-18
247,Asha Bhosale,HR,Aurangabad,44600,asha.bhosale0247@company.com,2020-07-16
248,Vikas More,Finance,Solapur,69400,vikas.more0248@corp.in,2020-03-03
249,Meera Pawar,Sales,Nagpur,49600,meera.pawar0249@corp.in,2026-01-11
250,Nikhil Patil,Sales,Nagpur,69500,nikhil.patil0250@company.com,2020-08-24
251,Amit Suryawanshi,R&D,Solapur,71500,amit.suryawanshi0251@company.com,2025-09-19
252,Arjun Shetty,IT,Delhi,120400,arjun.shetty0252@company.com,2021-09-21
253,Vikas Suryawanshi,IT,Bengaluru,91200,vikas.suryawanshi0253@company.com,2024-10-13
254,Kiran Kulkarni,Admin,Aurangabad,29400,kiran.kulkarni0254@corp.in,2025-10-20
255,Komal Shetty,IT,Kolhapur,106600,komal.shetty0255@company.com,2024-06-13
256,Saurabh Singh,IT,Aurangabad,53900,saurabh.singh0256@example.com,2022-10-25
257,Rohan Reddy,Operations,Nashik,34900,rohan.reddy0257@example.com,2023-11-28
258,Kiran Naik,Support,Nashik,36800,kiran.naik0258@company.com,2025-03-30
259,Rahul Mehta,Marketing,Pune,86800,rahul.mehta0259@company.com,2020-07-31
260,Priya Mehta,Admin,Kolhapur,60600,priya.mehta0260@example.com,2022-12-14
261,Rahul Jadhav,Sales,Aurangabad,36300,rahul.jadhav0261@corp.in,2023-11-01
262,Sneha Patil,Operations,Kolhapur,58200,sneha.patil0262@corp.in,2025-01-16
263,Anjali Bhosale,Finance,Solapur,85400,anjali.bhosale0263@example.com,2024-03-25
264,Komal Singh,HR,Kolhapur,40200,komal.singh0264@example.com,2022-02-19
265,Manish Mehta,Operations,Mumbai,37200,manish.mehta0265@example.com,2023-06-05
266,Vikas Naik,R&D,Kolhapur,98700,vikas.naik0266@corp.in,2025-02-02
267,Saurabh Naik,IT,Aurangabad,125600,saurabh.naik0267@example.com,2023-03-11
268,Rahul Kulkarni,Data Engineering,Aurangabad,127300,rahul.kulkarni0268@corp.in,2021-11-27
269,Asha Desai,R&D,Solapur,64100,asha.desai0269@company.com,2020-11-12
270,Amit Kamble,Operations,Kolhapur,69200,amit.kamble0270@company.com,2021-10-31
271,Shreya Kamble,Operations,Solapur,82000,shreya.kamble0271@company.com,2021-08-27
272,Komal Kamble,Data Engineering,Aurangabad,145100,komal.kamble0272@example.com,2022-11-29
273,Rohan Pawar,Finance,Solapur,73900,rohan.pawar0273@example.com,2021-06-07
274,Sneha Singh,Support,Nagpur,68100,sneha.singh0274@example.com,2025-08-14
275,Pooja Patil,Finance,Mumbai,69600,pooja.patil0275@company.com,2025-02-07
276,Meera Bhosale,Operations,Mumbai,68000,meera.bhosale0276@corp.in,2023-05-15
277,Vikas Joshi,Finance,Aurangabad,73300,vikas.joshi0277@company.com,2021-06-22
278,Pooja Desai,Marketing,Solapur,36700,pooja.desai0278@example.com,2024-04-01
279,Shreya Shetty,Finance,Bengaluru,45600,shreya.shetty0279@company.com,2023-07-31
280,Anjali More,Admin,Kolhapur,51800,anjali.more0280@corp.in,2020-12-09
281,Neha Bhosale,HR,Solapur,65500,neha.bhosale0281@corp.in,2025-11-30
282,Saurabh Desai,Admin,Bengaluru,36900,saurabh.desai0282@company.com,2024-12-18
283,Komal Sharma,HR,Delhi,45000,komal.sharma0283@example.com,2021-12-16
284,Kiran Bhosale,Marketing,Aurangabad,69000,kiran.bhosale0284@example.com,2020-12-30
285,Sneha Jadhav,Admin,Thane,33200,sneha.jadhav0285@corp.in,2023-07-05
286,Arjun Shetty,HR,Delhi,77000,arjun.shetty0286@company.com,2021-11-03
287,Kiran Iyer,R&D,Aurangabad,65800,kiran.iyer0287@company.com,2021-01-08
288,Rahul Reddy,Sales,Nagpur,105000,rahul.reddy0288@example.com,2020-06-14
289,Aditya Shetty,Sales,Thane,93300,aditya.shetty0289@company.com,2024-08-31
290,Vikas Naik,HR,Pune,45400,vikas.naik0290@example.com,2024-10-09
291,Aditya Naik,Marketing,Aurangabad,74800,aditya.naik0291@company.com,2023-08-14
292,Priya Kamble,Data Engineering,Nashik,159700,priya.kamble0292@example.com,2025-11-20
293,Manish Patil,Operations,Nagpur,62600,manish.patil0293@company.com,2023-02-10
294,Shreya Gupta,Finance,Mumbai,43300,shreya.gupta0294@example.com,2024-06-02
295,Arjun Suryawanshi,Marketing,Nashik,88300,arjun.suryawanshi0295@example.com,2023-08-14
296,Pooja Joshi,Support,Delhi,58600,pooja.joshi0296@example.com,2023-07-28
297,Aditya Pawar,HR,Kolhapur,68100,aditya.pawar0297@example.com,2022-10-24
298,Pooja Reddy,Operations,Pune,35300,pooja.reddy0298@example.com,2025-08-30
299,Arjun More,Sales,Delhi,31100,arjun.more0299@company.com,2024-12-11
300,Neha Singh,Operations,Kolhapur,56000,neha.singh0300@company.com,2024-08-08
301,Rahul Reddy,Admin,Nagpur,48800,rahul.reddy0301@corp.in,2023-05-08
302,Meera Chavan,Admin,Solapur,61000,meera.chavan0302@example.com,2021-06-11
303,Neha Patil,Data Engineering,Aurangabad,164200,neha.patil0303@example.com,2024-03-18
304,Neha Jadhav,R&D,Delhi,160200,neha.jadhav0304@corp.in,2020-07-24
305,Rahul Sharma,Finance,Aurangabad,92700,rahul.sharma0305@example.com,2025-12-08
306,Shreya Desai,R&D,Delhi,91600,shreya.desai0306@example.com,2023-09-07
307,Kiran Chavan,R&D,Thane,143200,kiran.chavan0307@corp.in,2025-10-29
308,Manish More,R&D,Thane,179500,manish.more0308@company.com,2024-03-29
309,Priya Patil,Data Engineering,Bengaluru,100300,priya.patil0309@corp.in,2020-05-30
310,Arjun More,Sales,Bengaluru,105700,arjun.more0310@company.com,2020-09-08
311,Isha More,Finance,Delhi,81200,isha.more0311@corp.in,2024-05-17
312,Neha Gupta,IT,Bengaluru,136800,neha.gupta0312@company.com,2022-04-02
313,Asha Naik,Operations,Kolhapur,41900,asha.naik0313@example.com,2022-05-26
314,Nikhil Gadkari,R&D,Solapur,71300,nikhil.gadkari0314@corp.in,2021-08-29
315,Komal Jadhav,Admin,Aurangabad,56400,komal.jadhav0315@corp.in,2024-05-03
316,Priya Joshi,Support,Delhi,50400,priya.joshi0316@corp.in,2024-02-01
317,Sneha Iyer,Support,Nagpur,44200,sneha.iyer0317@example.com,2023-06-17
318,Amit Mehta,Sales,Nagpur,94100,amit.mehta0318@example.com,2025-06-29
319,Saurabh Shetty,Sales,Thane,46000,saurabh.shetty0319@corp.in,2024-05-15
320,Anjali Kamble,Finance,Thane,42800,anjali.kamble0320@example.com,2020-12-30
321,Saurabh Naik,Sales,Solapur,58000,saurabh.naik0321@company.com,2023-02-25
322,Manish Singh,Finance,Mumbai,80300,manish.singh0322@corp.in,2022-10-18
323,Amit Sharma,Admin,Nagpur,40300,amit.sharma0323@company.com,2021-03-27
324,Nikhil Bhosale,Support,Mumbai,37000,nikhil.bhosale0324@company.com,2021-11-18
325,Nikhil More,Support,Nagpur,46800,nikhil.more0325@example.com,2023-04-25
326,Rahul Kulkarni,R&D,Nagpur,195300,rahul.kulkarni0326@corp.in,2020-07-12
327,Kiran Suryawanshi,Finance,Pune,94800,kiran.suryawanshi0327@example.com,2025-09-01
328,Kiran Mehta,IT,Pune,84100,kiran.mehta0328@corp.in,2021-04-25
329,Priya Mehta,Support,Delhi,62400,priya.mehta0329@example.com,2021-08-13
330,Komal Naik,Sales,Nagpur,44800,komal.naik0330@example.com,2021-12-07
331,Shreya Singh,Finance,Pune,88300,shreya.singh0331@example.com,2023-06-03
332,Isha Jadhav,Finance,Bengaluru,81900,isha.jadhav0332@example.com,2024-11-27
333,Komal Bhosale,HR,Kolhapur,78900,komal.bhosale0333@company.com,2022-03-08
334,Neha More,Operations,Nagpur,32400,neha.more0334@example.com,2024-05-31
335,Amit Naik,Sales,Aurangabad,69600,amit.naik0335@corp.in,2020-03-28
336,Sneha Kamble,Marketing,Pune,78800,sneha.kamble0336@company.com,2025-05-01
337,Vikas Joshi,Data Engineering,Delhi,177300,vikas.joshi0337@corp.in,2023-08-07
338,Rohan Mehta,Operations,Bengaluru,46500,rohan.mehta0338@company.com,2021-08-11
339,Aditya Desai,Support,Bengaluru,52500,aditya.desai0339@example.com,2025-05-23
340,Manish Jadhav,Marketing,Bengaluru,86600,manish.jadhav0340@company.com,2026-01-02
341,Shreya Gadkari,Operations,Mumbai,69000,shreya.gadkari0341@company.com,2020-10-20
342,Manish Gadkari,Marketing,Bengaluru,70200,manish.gadkari0342@company.com,2021-12-15
343,Priya Gadkari,Support,Mumbai,41500,priya.gadkari0343@corp.in,2025-08-05
344,Meera Gadkari,Support,Pune,57700,meera.gadkari0344@company.com,2025-11-13
345,Nikhil Naik,R&D,Pune,176200,nikhil.naik0345@corp.in,2023-07-27
346,Asha Chavan,Sales,Pune,58600,asha.chavan0346@corp.in,2020-12-06
347,Rahul Suryawanshi,Operations,Mumbai,67500,rahul.suryawanshi0347@company.com,2020-11-19
348,Aditya Sharma,Sales,Kolhapur,53600,aditya.sharma0348@company.com,2024-10-28
349,Saurabh Chavan,Support,Kolhapur,52600,saurabh.chavan0349@company.com,2021-08-08
350,Saurabh Patil,Finance,Delhi,65800,saurabh.patil0350@corp.in,2021-07-16
351,Amit Pawar,IT,Thane,105700,amit.pawar0351@corp.in,2024-11-13
352,Manish Chavan,Marketing,Nagpur,65200,manish.chavan0352@example.com,2021-11-07
353,Sneha Jadhav,HR,Pune,78300,sneha.jadhav0353@example.com,2020-04-15
354,Amit Jadhav,HR,Mumbai,73900,amit.jadhav0354@company.com,2025-02-12
355,Arjun Sharma,Marketing,Pune,61400,arjun.sharma0355@example.com,2022-09-27
356,Manish Jadhav,IT,Nashik,111000,manish.jadhav0356@example.com,2022-09-27
357,Isha Bhosale,R&D,Bengaluru,139100,isha.bhosale0357@company.com,2023-07-01
358,Neha Gadkari,Marketing,Kolhapur,54700,neha.gadkari0358@example.com,2020-10-17
359,Manish Reddy,Finance,Kolhapur,76400,manish.reddy0359@example.com,2020-08-21
360,Saurabh Chavan,Admin,Aurangabad,52300,saurabh.chavan0360@example.com,2021-10-14
361,Vikas Chavan,Finance,Delhi,71000,vikas.chavan0361@company.com,2022-08-22
362,Vikas Desai,Support,Pune,64900,vikas.desai0362@example.com,2024-10-13
363,Manish Gadkari,Finance,Kolhapur,55900,manish.gadkari0363@example.com,2022-05-23
364,Priya Kulkarni,Support,Aurangabad,34100,priya.kulkarni0364@corp.in,2022-04-01
365,Rahul Singh,Data Engineering,Bengaluru,139000,rahul.singh0365@company.com,2020-12-05
366,Pooja Reddy,Admin,Nagpur,56400,pooja.reddy0366@company.com,2023-11-05
367,Vikas Pawar,Marketing,Nagpur,83600,vikas.pawar0367@company.com,2025-06-25
368,Amit Iyer,Marketing,Kolhapur,50700,amit.iyer0368@corp.in,2023-09-20
369,Vikas Chavan,Support,Delhi,51500,vikas.chavan0369@example.com,2023-01-17
370,Saurabh Gadkari,Support,Solapur,34500,saurabh.gadkari0370@corp.in,2025-05-18
371,Priya Jadhav,Operations,Aurangabad,59100,priya.jadhav0371@company.com,2022-08-05
372,Neha Pawar,Sales,Delhi,106600,neha.pawar0372@corp.in,2024-10-17
373,Vikas Desai,Marketing,Aurangabad,50100,vikas.desai0373@example.com,2022-11-13
374,Aditya Shetty,Operations,Thane,82000,aditya.shetty0374@example.com,2025-08-12
375,Shreya Joshi,Operations,Nashik,41200,shreya.joshi0375@corp.in,2025-08-03
376,Kiran Shetty,IT,Delhi,49400,kiran.shetty0376@company.com,2020-08-27
377,Asha Suryawanshi,Finance,Nagpur,44500,asha.suryawanshi0377@corp.in,2021-10-21
378,Asha Jadhav,Admin,Solapur,49500,asha.jadhav0378@company.com,2025-07-13
379,Aditya Pawar,IT,Delhi,117300,aditya.pawar0379@example.com,2020-03-30
380,Asha Gadkari,Sales,Delhi,67600,asha.gadkari0380@company.com,2025-09-29
381,Nikhil Joshi,HR,Mumbai,69400,nikhil.joshi0381@company.com,2022-10-25
382,Pooja Iyer,Admin,Thane,48200,pooja.iyer0382@example.com,2024-07-24
383,Meera Kamble,Data Engineering,Solapur,134100,meera.kamble0383@company.com,2022-08-24
384,Vikas Kulkarni,IT,Mumbai,98100,vikas.kulkarni0384@example.com,2024-05-04
385,Manish More,IT,Pune,137100,manish.more0385@company.com,2021-01-14
386,Aditya Suryawanshi,Operations,Bengaluru,38200,aditya.suryawanshi0386@corp.in,2020-08-03
387,Amit Jadhav,R&D,Solapur,126100,amit.jadhav0387@company.com,2020-12-11
388,Sneha Shetty,R&D,Pune,102000,sneha.shetty0388@example.com,2020-04-15
389,Pooja Reddy,Finance,Kolhapur,45000,pooja.reddy0389@example.com,2021-12-07
390,Isha Gupta,R&D,Kolhapur,196700,isha.gupta0390@example.com,2024-06-01
391,Neha Kulkarni,Admin,Aurangabad,28500,neha.kulkarni0391@company.com,2025-01-05
392,Amit Kulkarni,Operations,Bengaluru,82400,amit.kulkarni0392@corp.in,2024-07-23
393,Priya Pawar,Sales,Solapur,94300,priya.pawar0393@company.com,2024-02-07
394,Manish Chavan,Data Engineering,Nashik,149100,manish.chavan0394@corp.in,2024-05-16
395,Meera Iyer,Sales,Nagpur,39600,meera.iyer0395@company.com,2023-02-12
396,Neha Chavan,Finance,Kolhapur,60800,neha.chavan0396@example.com,2021-04-22
397,Meera Pawar,Sales,Solapur,77200,meera.pawar0397@example.com,2021-04-04
398,Neha Kulkarni,Finance,Kolhapur,69400,neha.kulkarni0398@corp.in,2025-11-09
399,Nikhil Patil,IT,Mumbai,91400,nikhil.patil0399@corp.in,2021-02-26
400,Arjun Iyer,Operations,Kolhapur,32800,arjun.iyer0400@example.com,2024-10-01
401,Anjali Kulkarni,Admin,Nagpur,62500,anjali.kulkarni0401@corp.in,2022-01-05
402,Anjali Joshi,Finance,Thane,59700,anjali.joshi0402@example.com,2025-08-22
403,Neha Kulkarni,Finance,Kolhapur,58100,neha.kulkarni0403@example.com,2023-06-22
404,Aditya Kulkarni,Operations,Thane,48200,aditya.kulkarni0404@corp.in,2025-09-02
405,Arjun Iyer,Marketing,Solapur,42000,arjun.iyer0405@company.com,2023-07-12
406,Asha Chavan,Operations,Bengaluru,56900,asha.chavan0406@example.com,2025-01-18
407,Priya Suryawanshi,R&D,Nashik,133800,priya.suryawanshi0407@example.com,2022-05-13
408,Aditya Bhosale,Finance,Kolhapur,60900,aditya.bhosale0408@example.com,2025-08-14
409,Isha Gupta,Operations,Kolhapur,50400,isha.gupta0409@example.com,2024-03-16
410,Rohan Reddy,Marketing,Bengaluru,70800,rohan.reddy0410@company.com,2020-05-31
411,Shreya Jadhav,Support,Thane,32500,shreya.jadhav0411@example.com,2025-09-17
412,Neha Mehta,Marketing,Thane,78200,neha.mehta0412@company.com,2024-11-09
413,Anjali Kulkarni,Support,Bengaluru,59400,anjali.kulkarni0413@corp.in,2024-08-09
414,Manish Gadkari,Data Engineering,Delhi,64800,manish.gadkari0414@example.com,2021-01-24
415,Rohan Gupta,Operations,Nashik,74400,rohan.gupta0415@corp.in,2020-08-10
416,Isha Chavan,Operations,Kolhapur,38900,isha.chavan0416@company.com,2021-03-20
417,Sneha Gupta,Admin,Delhi,61600,sneha.gupta0417@corp.in,2022-08-04
418,Shreya Kamble,Data Engineering,Solapur,161200,shreya.kamble0418@corp.in,2025-09-21
419,Neha Kamble,IT,Solapur,58700,neha.kamble0419@example.com,2024-10-10
420,Meera Patil,Finance,Aurangabad,60400,meera.patil0420@example.com,2025-03-21
421,Pooja Gadkari,Support,Aurangabad,59200,pooja.gadkari0421@company.com,2025-01-09
422,Shreya Bhosale,HR,Thane,37900,shreya.bhosale0422@corp.in,2021-05-27
423,Asha Bhosale,HR,Nashik,51000,asha.bhosale0423@corp.in,2022-01-25
424,Manish Joshi,Operations,Delhi,59900,manish.joshi0424@example.com,2022-09-17
425,Anjali Joshi,Finance,Kolhapur,65900,anjali.joshi0425@company.com,2022-04-29
426,Shreya Reddy,Data Engineering,Kolhapur,60600,shreya.reddy0426@corp.in,2022-07-09
427,Pooja Singh,HR,Bengaluru,41700,pooja.singh0427@corp.in,2022-03-17
428,Saurabh Bhosale,Marketing,Solapur,42500,saurabh.bhosale0428@example.com,2025-08-07
429,Komal Bhosale,R&D,Kolhapur,157900,komal.bhosale0429@corp.in,2021-05-23
430,Saurabh Kamble,Support,Bengaluru,39300,saurabh.kamble0430@corp.in,2023-06-13
431,Arjun Reddy,HR,Nashik,55500,arjun.reddy0431@company.com,2022-10-15
432,Vikas Patil,Finance,Aurangabad,85400,vikas.patil0432@company.com,2025-11-03
433,Anjali Suryawanshi,R&D,Nashik,155600,anjali.suryawanshi0433@example.com,2022-03-12
434,Aditya Shetty,Finance,Delhi,50900,aditya.shetty0434@example.com,2023-05-09
435,Neha Joshi,Operations,Solapur,72600,neha.joshi0435@company.com,2024-02-20
436,Asha More,Finance,Nagpur,93400,asha.more0436@example.com,2025-10-12
437,Aditya Suryawanshi,Support,Kolhapur,57100,aditya.suryawanshi0437@example.com,2021-12-27
438,Meera Reddy,IT,Nagpur,83300,meera.reddy0438@company.com,2023-03-12
439,Amit Shetty,Sales,Nashik,89900,amit.shetty0439@corp.in,2025-08-31
440,Manish Gadkari,HR,Bengaluru,42500,manish.gadkari0440@example.com,2024-03-23
441,Manish Sharma,Support,Delhi,42300,manish.sharma0441@example.com,2021-04-05
442,Amit Mehta,IT,Solapur,79400,amit.mehta0442@example.com,2021-02-01
443,Shreya Patil,Marketing,Nagpur,88100,shreya.patil0443@corp.in,2024-01-17
444,Arjun Suryawanshi,Finance,Bengaluru,49100,arjun.suryawanshi0444@company.com,2022-06-07
445,Rahul Reddy,Operations,Delhi,50400,rahul.reddy0445@corp.in,2021-12-31
446,Priya Mehta,Sales,Bengaluru,65000,priya.mehta0446@corp.in,2021-03-07
447,Neha Suryawanshi,IT,Thane,131000,neha.suryawanshi0447@company.com,2021-08-07
448,Amit Desai,Operations,Nagpur,81900,amit.desai0448@corp.in,2024-07-07
449,Aditya Desai,R&D,Thane,163600,aditya.desai0449@example.com,2025-03-07
450,Meera Kulkarni,Data Engineering,Delhi,158300,meera.kulkarni0450@example.com,2024-04-01
451,Shreya More,Operations,Bengaluru,32200,shreya.more0451@corp.in,2021-02-26
452,Shreya Kamble,HR,Delhi,61100,shreya.kamble0452@company.com,2024-12-05
453,Pooja More,Sales,Aurangabad,67200,pooja.more0453@example.com,2021-07-29
454,Isha More,Operations,Pune,35000,isha.more0454@company.com,2025-04-07
455,Asha Patil,Finance,Solapur,69900,asha.patil0455@company.com,2024-11-28
456,Pooja Desai,Sales,Nashik,65900,pooja.desai0456@company.com,2024-02-26
457,Sneha Kulkarni,Operations,Nashik,35400,sneha.kulkarni0457@example.com,2023-07-16
458,Amit Suryawanshi,HR,Mumbai,35100,amit.suryawanshi0458@company.com,2025-06-17
459,Meera Desai,R&D,Nagpur,191200,meera.desai0459@corp.in,2025-02-06
460,Asha Pawar,Operations,Mumbai,59700,asha.pawar0460@corp.in,2021-08-05
461,Aditya Kulkarni,Marketing,Kolhapur,40900,aditya.kulkarni0461@corp.in,2021-04-05
462,Rohan Bhosale,Operations,Thane,41000,rohan.bhosale0462@example.com,2021-08-09
463,Neha Kulkarni,Admin,Bengaluru,25600,neha.kulkarni0463@corp.in,2021-12-14
464,Shreya Kamble,Marketing,Nashik,62000,shreya.kamble0464@corp.in,2025-01-27
465,Pooja Kulkarni,HR,Nashik,43100,pooja.kulkarni0465@corp.in,2024-06-01
466,Saurabh Suryawanshi,Operations,Nashik,48200,saurabh.suryawanshi0466@example.com,2021-01-21
467,Amit Shetty,R&D,Bengaluru,129700,amit.shetty0467@corp.in,2020-05-30
468,Vikas Jadhav,Admin,Bengaluru,58400,vikas.jadhav0468@company.com,2024-07-03
469,Vikas Sharma,Marketing,Solapur,60300,vikas.sharma0469@company.com,2022-10-25
470,Aditya Iyer,HR,Delhi,35800,aditya.iyer0470@example.com,2023-08-30
471,Neha Chavan,R&D,Kolhapur,150800,neha.chavan0471@corp.in,2022-01-18
472,Aditya Kulkarni,IT,Bengaluru,53900,aditya.kulkarni0472@company.com,2023-01-19
473,Pooja Sharma,IT,Kolhapur,111400,pooja.sharma0473@example.com,2025-09-24
474,Nikhil Suryawanshi,Data Engineering,Mumbai,144000,nikhil.suryawanshi0474@corp.in,2021-10-28
475,Sneha Kulkarni,Sales,Mumbai,97000,sneha.kulkarni0475@company.com,2021-11-08
476,Manish Bhosale,Data Engineering,Bengaluru,143100,manish.bhosale0476@corp.in,2020-11-07
477,Vikas Suryawanshi,Marketing,Pune,51000,vikas.suryawanshi0477@company.com,2024-12-25
478,Rohan Naik,R&D,Bengaluru,69400,rohan.naik0478@example.com,2022-01-30
479,Rohan Pawar,Finance,Pune,50700,rohan.pawar0479@example.com,2024-01-01
480,Komal Gadkari,Sales,Nashik,78700,komal.gadkari0480@company.com,2023-02-15
481,Rohan Pawar,Operations,Kolhapur,49800,rohan.pawar0481@corp.in,2020-10-29
482,Sneha Reddy,HR,Solapur,64800,sneha.reddy0482@corp.in,2024-02-25
483,Rahul More,R&D,Nashik,151400,rahul.more0483@company.com,2022-12-21
484,Rohan Reddy,HR,Nagpur,68300,rohan.reddy0484@company.com,2020-08-09
485,Asha Gupta,IT,Solapur,92700,asha.gupta0485@example.com,2021-10-17
486,Kiran Sharma,Admin,Kolhapur,39700,kiran.sharma0486@example.com,2022-11-23
487,Nikhil Bhosale,Sales,Mumbai,104900,nikhil.bhosale0487@example.com,2021-06-14
488,Komal Sharma,Finance,Nagpur,92700,komal.sharma0488@corp.in,2020-08-17
489,Anjali Kulkarni,Support,Thane,48400,anjali.kulkarni0489@example.com,2021-01-29
490,Manish Naik,IT,Aurangabad,71300,manish.naik0490@example.com,2023-07-09
491,Arjun Gupta,Support,Aurangabad,66800,arjun.gupta0491@example.com,2022-04-21
492,Manish Gupta,Finance,Pune,66900,manish.gupta0492@company.com,2022-09-22
493,Manish Kamble,IT,Aurangabad,45200,manish.kamble0493@corp.in,2024-05-01
494,Vikas Patil,Marketing,Delhi,50600,vikas.patil0494@example.com,2025-08-18
495,Rahul Desai,Sales,Mumbai,35800,rahul.desai0495@company.com,2025-12-09
496,Nikhil Kamble,Support,Mumbai,66100,nikhil.kamble0496@company.com,2025-10-12
497,Neha Chavan,HR,Bengaluru,72200,neha.chavan0497@company.com,2024-12-27
498,Neha Gupta,Sales,Thane,71300,neha.gupta0498@example.com,2023-10-09
499,Priya Naik,Sales,Nagpur,39800,priya.naik0499@company.com,2021-08-21
500,Isha Patil,Finance,Mumbai,50800,isha.patil0500@example.com,2025-05-03
501,Priya Suryawanshi,HR,Delhi,58500,priya.suryawanshi0501@company.com,2025-03-07
502,Vikas Naik,Sales,Mumbai,41900,vikas.naik0502@company.com,2023-07-11
503,Arjun Sharma,Marketing,Aurangabad,44700,arjun.sharma0503@company.com,2022-11-23
504,Saurabh Chavan,Admin,Pune,44600,saurabh.chavan0504@example.com,2022-01-23
505,Asha Chavan,Support,Delhi,64100,asha.chavan0505@company.com,2021-03-04
506,Shreya Patil,Finance,Mumbai,40800,shreya.patil0506@company.com,2022-08-09
507,Neha Jadhav,Data Engineering,Aurangabad,150000,neha.jadhav0507@corp.in,2021-01-20
508,Isha Reddy,Sales,Mumbai,32900,isha.reddy0508@company.com,2022-04-30
509,Shreya Desai,HR,Aurangabad,43000,shreya.desai0509@company.com,2025-04-13
510,Rahul Joshi,R&D,Kolhapur,158500,rahul.joshi0510@example.com,2020-06-10
511,Anjali Suryawanshi,Finance,Aurangabad,54100,anjali.suryawanshi0511@company.com,2023-03-13
512,Sneha Naik,Finance,Pune,80200,sneha.naik0512@corp.in,2022-11-13
513,Vikas More,Data Engineering,Delhi,122800,vikas.more0513@company.com,2021-02-04
514,Sneha Chavan,Finance,Kolhapur,53100,sneha.chavan0514@corp.in,2026-01-03
515,Amit Shetty,IT,Kolhapur,138500,amit.shetty0515@example.com,2025-06-28
516,Manish More,Operations,Bengaluru,64900,manish.more0516@example.com,2024-06-19
517,Sneha Joshi,IT,Aurangabad,123300,sneha.joshi0517@company.com,2020-06-10
518,Sneha Sharma,Support,Delhi,51400,sneha.sharma0518@corp.in,2022-09-21
519,Kiran Patil,Marketing,Nagpur,52500,kiran.patil0519@corp.in,2020-09-27
520,Amit Reddy,Data Engineering,Aurangabad,170000,amit.reddy0520@company.com,2022-02-01
521,Amit Reddy,Operations,Aurangabad,70800,amit.reddy0521@company.com,2024-01-21
522,Isha Reddy,Finance,Bengaluru,52300,isha.reddy0522@example.com,2023-07-30
523,Kiran More,IT,Mumbai,52400,kiran.more0523@company.com,2022-07-26
524,Asha Gadkari,Support,Pune,49700,asha.gadkari0524@corp.in,2022-05-16
525,Neha Bhosale,Finance,Aurangabad,43900,neha.bhosale0525@company.com,2021-10-08
526,Isha Desai,HR,Delhi,58900,isha.desai0526@company.com,2024-04-20
527,Anjali Reddy,HR,Aurangabad,54800,anjali.reddy0527@example.com,2021-08-22
528,Kiran Suryawanshi,Support,Aurangabad,39400,kiran.suryawanshi0528@corp.in,2024-02-11
529,Amit Reddy,Finance,Kolhapur,60100,amit.reddy0529@corp.in,2023-06-01
530,Neha Joshi,IT,Bengaluru,96300,neha.joshi0530@corp.in,2020-06-22
531,Kiran Iyer,Operations,Bengaluru,46500,kiran.iyer0531@corp.in,2021-04-12
532,Aditya Desai,Operations,Mumbai,47600,aditya.desai0532@example.com,2023-09-11
533,Kiran Kulkarni,Operations,Solapur,32700,kiran.kulkarni0533@example.com,2022-06-18
534,Amit Kulkarni,Operations,Thane,83600,amit.kulkarni0534@company.com,2020-02-16
535,Rahul Chavan,Support,Kolhapur,38900,rahul.chavan0535@example.com,2025-08-22
536,Anjali Kamble,Admin,Kolhapur,31600,anjali.kamble0536@example.com,2022-08-22
537,Kiran Naik,HR,Pune,54300,kiran.naik0537@company.com,2023-09-08
538,Sneha Patil,HR,Aurangabad,46100,sneha.patil0538@example.com,2021-12-01
539,Meera Shetty,HR,Aurangabad,73900,meera.shetty0539@corp.in,2025-07-11
540,Asha Suryawanshi,Finance,Bengaluru,68500,asha.suryawanshi0540@company.com,2020-09-17
541,Rohan Bhosale,Marketing,Nagpur,61800,rohan.bhosale0541@corp.in,2023-02-01
542,Vikas Mehta,Marketing,Mumbai,38300,vikas.mehta0542@example.com,2025-08-13
543,Neha Sharma,Operations,Pune,60000,neha.sharma0543@company.com,2023-06-01
544,Arjun More,Marketing,Mumbai,36700,arjun.more0544@company.com,2022-01-10
545,Vikas Kulkarni,Support,Mumbai,48200,vikas.kulkarni0545@example.com,2025-05-23
546,Aditya Singh,HR,Delhi,60400,aditya.singh0546@company.com,2024-04-09
547,Anjali Kamble,Finance,Solapur,42900,anjali.kamble0547@example.com,2025-01-16
548,Shreya Singh,Marketing,Thane,72000,shreya.singh0548@company.com,2021-10-22
549,Rohan Kulkarni,Operations,Delhi,59100,rohan.kulkarni0549@corp.in,2022-08-30
550,Manish Sharma,Data Engineering,Delhi,114900,manish.sharma0550@corp.in,2025-06-08
551,Isha Gupta,Support,Thane,33200,isha.gupta0551@example.com,2020-07-02
552,Komal Reddy,Admin,Bengaluru,34700,komal.reddy0552@company.com,2025-02-23
553,Kiran Joshi,Marketing,Nagpur,43300,kiran.joshi0553@company.com,2024-11-10
554,Meera Suryawanshi,Marketing,Nashik,89700,meera.suryawanshi0554@corp.in,2023-01-02
555,Priya Kulkarni,HR,Kolhapur,71500,priya.kulkarni0555@example.com,2023-10-08
556,Sneha Gadkari,Support,Pune,68800,sneha.gadkari0556@corp.in,2025-12-21
557,Nikhil Patil,Data Engineering,Nashik,79400,nikhil.patil0557@corp.in,2021-03-27
558,Rohan Reddy,HR,Thane,70100,rohan.reddy0558@example.com,2024-09-20
559,Sneha Chavan,Support,Bengaluru,67900,sneha.chavan0559@example.com,2020-07-13
560,Kiran Singh,Data Engineering,Nashik,141000,kiran.singh0560@corp.in,2024-08-13
561,Rahul Chavan,Operations,Nagpur,35200,rahul.chavan0561@corp.in,2025-06-10
562,Sneha Kamble,IT,Aurangabad,84700,sneha.kamble0562@example.com,2023-04-04
563,Aditya Patil,Marketing,Nashik,54700,aditya.patil0563@corp.in,2025-01-29
564,Priya Singh,Data Engineering,Bengaluru,144600,priya.singh0564@company.com,2022-03-21
565,Shreya Jadhav,Data Engineering,Solapur,159500,shreya.jadhav0565@corp.in,2024-04-21
566,Rahul Gadkari,Finance,Mumbai,60400,rahul.gadkari0566@corp.in,2025-10-17
567,Anjali Desai,Admin,Bengaluru,26900,anjali.desai0567@company.com,2022-04-10
568,Pooja Sharma,Marketing,Pune,64900,pooja.sharma0568@company.com,2024-02-26
569,Pooja Singh,Operations,Solapur,65100,pooja.singh0569@example.com,2021-07-02
570,Asha Gupta,Operations,Solapur,70900,asha.gupta0570@example.com,2022-02-07
571,Aditya Reddy,Admin,Aurangabad,47600,aditya.reddy0571@company.com,2023-01-05
572,Meera Mehta,IT,Kolhapur,51500,meera.mehta0572@company.com,2022-07-07
573,Amit Gupta,Marketing,Thane,77700,amit.gupta0573@example.com,2025-11-13
574,Asha Pawar,Support,Nashik,39400,asha.pawar0574@corp.in,2020-03-16
575,Amit Singh,R&D,Thane,127200,amit.singh0575@example.com,2024-05-02
576,Saurabh Naik,Sales,Nagpur,91200,saurabh.naik0576@example.com,2025-12-13
577,Arjun Chavan,R&D,Mumbai,56900,arjun.chavan0577@corp.in,2024-04-22
578,Manish Iyer,R&D,Thane,133200,manish.iyer0578@corp.in,2021-04-28
579,Aditya Kulkarni,Operations,Thane,74000,aditya.kulkarni0579@example.com,2023-03-21
580,Sneha Mehta,Marketing,Nashik,68900,sneha.mehta0580@company.com,2020-09-30
581,Arjun Chavan,Operations,Nashik,79300,arjun.chavan0581@company.com,2025-09-09
582,Vikas Singh,Data Engineering,Kolhapur,110900,vikas.singh0582@corp.in,2020-07-04
583,Isha Reddy,Marketing,Aurangabad,82600,isha.reddy0583@corp.in,2022-08-09
584,Manish More,Operations,Delhi,51700,manish.more0584@company.com,2022-02-21
585,Vikas Patil,Support,Nashik,45000,vikas.patil0585@corp.in,2022-03-01
586,Priya Kulkarni,Marketing,Aurangabad,49600,priya.kulkarni0586@corp.in,2023-07-22
587,Nikhil Bhosale,Operations,Thane,70400,nikhil.bhosale0587@example.com,2025-04-24
588,Rohan More,IT,Bengaluru,121100,rohan.more0588@corp.in,2020-11-28
589,Aditya Jadhav,Admin,Mumbai,50000,aditya.jadhav0589@corp.in,2023-06-17
590,Nikhil Sharma,Finance,Nashik,53100,nikhil.sharma0590@example.com,2024-09-13
591,Isha Naik,Finance,Aurangabad,86900,isha.naik0591@company.com,2021-01-07
592,Aditya Bhosale,Finance,Aurangabad,81600,aditya.bhosale0592@company.com,2020-03-01
593,Shreya Singh,Marketing,Nashik,72800,shreya.singh0593@company.com,2025-08-08
594,Meera Desai,R&D,Kolhapur,167600,meera.desai0594@example.com,2024-12-03
595,Aditya Chavan,IT,Pune,115000,aditya.chavan0595@company.com,2024-04-18
596,Asha Bhosale,Admin,Nagpur,26200,asha.bhosale0596@corp.in,2020-02-27
597,Amit Gupta,Operations,Thane,40400,amit.gupta0597@company.com,2024-05-31
598,Komal Reddy,Sales,Nashik,38600,komal.reddy0598@company.com,2023-06-16
599,Vikas Naik,Admin,Bengaluru,59300,vikas.naik0599@example.com,2024-12-22
600,Neha Bhosale,Support,Aurangabad,40300,neha.bhosale0600@company.com,2024-08-20
601,Asha Gupta,Marketing,Nashik,48800,asha.gupta0601@corp.in,2020-05-10
602,Isha Gadkari,Finance,Mumbai,64000,isha.gadkari0602@corp.in,2020-07-13
603,Anjali Singh,Admin,Bengaluru,28200,anjali.singh0603@corp.in,2020-08-25
604,Rohan Pawar,IT,Mumbai,99600,rohan.pawar0604@example.com,2024-05-17
605,Rohan Shetty,Sales,Solapur,50100,rohan.shetty0605@company.com,2020-03-20
606,Vikas Suryawanshi,HR,Delhi,52700,vikas.suryawanshi0606@corp.in,2021-08-25
607,Nikhil Patil,Admin,Bengaluru,32700,nikhil.patil0607@example.com,2021-05-22
608,Rohan More,Marketing,Bengaluru,48100,rohan.more0608@example.com,2025-12-23
609,Pooja Kamble,Data Engineering,Thane,81000,pooja.kamble0609@company.com,2025-09-05
610,Pooja More,Operations,Nagpur,32200,pooja.more0610@company.com,2021-02-09
611,Rohan Reddy,Support,Nashik,33900,rohan.reddy0611@corp.in,2020-12-14
612,Rohan Singh,Marketing,Solapur,54400,rohan.singh0612@example.com,2025-04-26
613,Rahul Patil,Finance,Pune,59000,rahul.patil0613@example.com,2023-08-14
614,Nikhil Patil,HR,Pune,35600,nikhil.patil0614@company.com,2022-01-09
615,Priya Kamble,Support,Bengaluru,45600,priya.kamble0615@corp.in,2021-02-25
616,Saurabh Bhosale,Finance,Mumbai,66300,saurabh.bhosale0616@example.com,2025-03-25
617,Sneha Chavan,Support,Kolhapur,38900,sneha.chavan0617@company.com,2021-08-06
618,Rahul Joshi,HR,Kolhapur,73700,rahul.joshi0618@example.com,2025-01-09
619,Kiran Iyer,Data Engineering,Aurangabad,140100,kiran.iyer0619@company.com,2021-07-30
620,Aditya More,HR,Kolhapur,63900,aditya.more0620@company.com,2020-10-27
621,Sneha Bhosale,IT,Delhi,120600,sneha.bhosale0621@corp.in,2022-08-16
622,Priya Gadkari,Admin,Bengaluru,31200,priya.gadkari0622@example.com,2022-11-25
623,Aditya Kamble,Data Engineering,Nashik,170000,aditya.kamble0623@corp.in,2020-09-21
624,Asha Joshi,Admin,Solapur,57500,asha.joshi0624@company.com,2020-12-13
625,Aditya Bhosale,Marketing,Aurangabad,53200,aditya.bhosale0625@company.com,2025-10-18
626,Amit Shetty,Data Engineering,Kolhapur,167100,amit.shetty0626@company.com,2020-12-29
627,Shreya Naik,R&D,Solapur,78100,shreya.naik0627@example.com,2025-02-15
628,Priya Patil,Support,Pune,34700,priya.patil0628@example.com,2024-09-25
629,Rahul Shetty,Admin,Pune,31000,rahul.shetty0629@corp.in,2023-07-12
630,Komal Shetty,Marketing,Solapur,57300,komal.shetty0630@example.com,2020-09-20
631,Amit Naik,Operations,Delhi,82300,amit.naik0631@corp.in,2025-06-01
632,Saurabh Naik,HR,Mumbai,78200,saurabh.naik0632@company.com,2020-02-19
633,Priya Kamble,Sales,Delhi,98400,priya.kamble0633@example.com,2021-04-21
634,Rahul Joshi,Support,Nashik,54800,rahul.joshi0634@company.com,2022-12-18
635,Arjun Jadhav,Marketing,Mumbai,60700,arjun.jadhav0635@company.com,2025-03-28
636,Pooja Bhosale,HR,Kolhapur,38000,pooja.bhosale0636@corp.in,2021-06-29
637,Shreya Naik,R&D,Delhi,90300,shreya.naik0637@example.com,2020-02-28
638,Komal Sharma,Admin,Kolhapur,63300,komal.sharma0638@example.com,2025-10-24
639,Kiran Reddy,Finance,Nashik,46800,kiran.reddy0639@example.com,2023-09-21
640,Komal Chavan,Data Engineering,Bengaluru,150800,komal.chavan0640@company.com,2023-03-07
641,Anjali Bhosale,Sales,Solapur,47500,anjali.bhosale0641@company.com,2024-09-27
642,Arjun Gadkari,Sales,Delhi,71100,arjun.gadkari0642@corp.in,2022-07-20
643,Pooja Jadhav,R&D,Thane,145500,pooja.jadhav0643@corp.in,2021-08-07
644,Kiran Gadkari,Admin,Aurangabad,32600,kiran.gadkari0644@example.com,2025-07-01
645,Isha Reddy,Data Engineering,Delhi,97500,isha.reddy0645@example.com,2020-04-03
646,Komal Patil,IT,Kolhapur,64000,komal.patil0646@company.com,2020-09-29
647,Pooja Singh,Finance,Thane,84800,pooja.singh0647@example.com,2021-10-02
648,Rahul Mehta,Marketing,Delhi,37100,rahul.mehta0648@example.com,2025-03-09
649,Rohan Iyer,Admin,Nagpur,61800,rohan.iyer0649@example.com,2022-10-11
650,Komal Mehta,IT,Kolhapur,95800,komal.mehta0650@example.com,2023-08-14
651,Manish Sharma,IT,Thane,71600,manish.sharma0651@corp.in,2025-01-29
652,Amit Kamble,R&D,Delhi,106500,amit.kamble0652@corp.in,2022-04-13
653,Vikas Naik,Finance,Mumbai,52300,vikas.naik0653@company.com,2025-11-15
654,Rohan Chavan,IT,Kolhapur,81600,rohan.chavan0654@corp.in,2023-01-28
655,Neha Joshi,R&D,Thane,56500,neha.joshi0655@example.com,2025-05-05
656,Neha Sharma,Finance,Aurangabad,79100,neha.sharma0656@company.com,2023-06-28
657,Aditya Reddy,Admin,Aurangabad,29800,aditya.reddy0657@corp.in,2023-09-04
658,Komal Gupta,Finance,Delhi,44500,komal.gupta0658@corp.in,2021-11-24
659,Nikhil Shetty,Admin,Kolhapur,31000,nikhil.shetty0659@example.com,2022-08-05
660,Pooja Bhosale,Operations,Aurangabad,51200,pooja.bhosale0660@company.com,2026-01-22
661,Aditya Shetty,IT,Mumbai,132700,aditya.shetty0661@example.com,2025-02-09
662,Amit Iyer,R&D,Nagpur,65500,amit.iyer0662@corp.in,2023-09-17
663,Anjali Patil,Data Engineering,Thane,130800,anjali.patil0663@corp.in,2023-04-14
664,Asha Gadkari,Operations,Delhi,84600,asha.gadkari0664@corp.in,2025-02-09
665,Aditya Sharma,Sales,Nagpur,72000,aditya.sharma0665@corp.in,2021-01-13
666,Rohan Joshi,Admin,Delhi,25500,rohan.joshi0666@corp.in,2020-11-05
667,Pooja Jadhav,Data Engineering,Mumbai,86900,pooja.jadhav0667@corp.in,2024-12-28
668,Meera Desai,IT,Solapur,139000,meera.desai0668@example.com,2020-07-15
669,Meera Kulkarni,IT,Nashik,78000,meera.kulkarni0669@corp.in,2020-11-25
670,Isha Gupta,Sales,Kolhapur,80900,isha.gupta0670@example.com,2024-08-24
671,Nikhil Bhosale,IT,Kolhapur,133200,nikhil.bhosale0671@company.com,2026-02-09
672,Asha Iyer,HR,Bengaluru,38000,asha.iyer0672@corp.in,2020-12-04
673,Saurabh Gadkari,HR,Thane,79900,saurabh.gadkari0673@example.com,2021-01-30
674,Vikas Naik,Data Engineering,Kolhapur,167800,vikas.naik0674@corp.in,2020-06-16
675,Aditya Joshi,Admin,Nagpur,33900,aditya.joshi0675@corp.in,2024-06-30
676,Manish Mehta,Finance,Thane,84400,manish.mehta0676@corp.in,2024-04-18
677,Asha Shetty,Admin,Nashik,33100,asha.shetty0677@company.com,2020-03-02
678,Isha Iyer,Data Engineering,Delhi,131800,isha.iyer0678@company.com,2023-07-13
679,Pooja Kamble,Marketing,Kolhapur,77300,pooja.kamble0679@corp.in,2021-09-16
680,Kiran Joshi,Marketing,Bengaluru,89700,kiran.joshi0680@example.com,2022-04-16
681,Rohan Joshi,R&D,Pune,198900,rohan.joshi0681@example.com,2020-12-06
682,Vikas Kulkarni,Sales,Mumbai,55900,vikas.kulkarni0682@corp.in,2025-07-29
683,Priya Kamble,Finance,Nagpur,46600,priya.kamble0683@example.com,2020-11-22
684,Pooja Bhosale,Support,Solapur,49500,pooja.bhosale0684@corp.in,2023-07-17
685,Isha Desai,R&D,Bengaluru,150500,isha.desai0685@example.com,2024-11-30
686,Kiran Pawar,Operations,Nagpur,83500,kiran.pawar0686@company.com,2025-01-01
687,Sneha Kamble,Finance,Aurangabad,71500,sneha.kamble0687@example.com,2025-02-08
688,Saurabh Mehta,Support,Delhi,35100,saurabh.mehta0688@company.com,2021-01-11
689,Sneha Desai,Admin,Nagpur,42300,sneha.desai0689@corp.in,2020-12-20
690,Meera Pawar,Admin,Pune,63100,meera.pawar0690@corp.in,2024-08-27
691,Isha Jadhav,IT,Delhi,79200,isha.jadhav0691@corp.in,2025-05-28
692,Neha Kamble,Data Engineering,Nagpur,176800,neha.kamble0692@corp.in,2023-05-17
693,Neha Naik,Admin,Delhi,30900,neha.naik0693@example.com,2024-03-11
694,Komal Pawar,Marketing,Bengaluru,79800,komal.pawar0694@company.com,2025-11-16
695,Neha Naik,Finance,Nashik,77100,neha.naik0695@corp.in,2021-10-01
696,Aditya Kamble,IT,Nagpur,108900,aditya.kamble0696@company.com,2020-10-25
697,Sneha Kamble,Marketing,Pune,78800,sneha.kamble0697@company.com,2025-12-02
698,Saurabh Chavan,Support,Solapur,31000,saurabh.chavan0698@company.com,2023-09-30
699,Rohan Gadkari,Sales,Thane,105800,rohan.gadkari0699@corp.in,2022-01-23
700,Anjali Chavan,Operations,Bengaluru,74800,anjali.chavan0700@company.com,2025-11-27
701,Sneha Chavan,Marketing,Delhi,61600,sneha.chavan0701@example.com,2023-12-25
702,Aditya More,R&D,Pune,186600,aditya.more0702@company.com,2025-01-16
703,Kiran Gupta,HR,Delhi,77200,kiran.gupta0703@example.com,2022-06-26
704,Neha Joshi,Finance,Aurangabad,79500,neha.joshi0704@corp.in,2021-06-09
705,Amit Suryawanshi,Operations,Mumbai,63600,amit.suryawanshi0705@corp.in,2025-06-25
706,Aditya Jadhav,R&D,Nashik,162700,aditya.jadhav0706@company.com,2022-11-05
707,Rahul Desai,R&D,Bengaluru,97200,rahul.desai0707@company.com,2025-11-10
708,Rahul Reddy,Finance,Pune,50900,rahul.reddy0708@example.com,2022-02-17
709,Komal Chavan,R&D,Bengaluru,59900,komal.chavan0709@corp.in,2023-04-17
710,Meera Jadhav,Support,Bengaluru,58900,meera.jadhav0710@example.com,2022-01-09
711,Amit Suryawanshi,R&D,Nashik,102700,amit.suryawanshi0711@corp.in,2025-11-03
712,Sneha Joshi,Operations,Solapur,71100,sneha.joshi0712@corp.in,2020-11-18
713,Amit Chavan,Data Engineering,Nashik,74200,amit.chavan0713@company.com,2022-05-19
714,Komal Gadkari,Data Engineering,Nashik,139400,komal.gadkari0714@company.com,2022-02-06
715,Aditya Iyer,R&D,Pune,194300,aditya.iyer0715@corp.in,2021-06-06
716,Meera More,Finance,Bengaluru,75300,meera.more0716@company.com,2024-12-13
717,Komal Suryawanshi,Operations,Pune,77700,komal.suryawanshi0717@corp.in,2024-12-03
718,Amit More,Data Engineering,Aurangabad,137200,amit.more0718@corp.in,2021-03-17
719,Nikhil Desai,Sales,Solapur,60500,nikhil.desai0719@company.com,2023-04-16
720,Arjun Shetty,Data Engineering,Thane,84800,arjun.shetty0720@company.com,2020-03-11
721,Isha Gadkari,HR,Delhi,35500,isha.gadkari0721@example.com,2022-06-01
722,Priya Suryawanshi,Operations,Mumbai,42100,priya.suryawanshi0722@example.com,2022-12-15
723,Sneha Shetty,Data Engineering,Bengaluru,107900,sneha.shetty0723@corp.in,2023-03-15
724,Anjali Jadhav,Data Engineering,Delhi,162700,anjali.jadhav0724@corp.in,2025-07-10
725,Kiran Kamble,Admin,Delhi,56700,kiran.kamble0725@example.com,2023-07-21
726,Isha Kamble,Data Engineering,Nashik,172100,isha.kamble0726@corp.in,2021-06-12
727,Amit Naik,Finance,Mumbai,54100,amit.naik0727@corp.in,2024-08-08
728,Priya Shetty,R&D,Pune,97100,priya.shetty0728@example.com,2020-03-03
729,Meera Desai,Support,Bengaluru,56500,meera.desai0729@company.com,2020-10-30
730,Sneha Gupta,Operations,Mumbai,71900,sneha.gupta0730@company.com,2024-06-03
731,Anjali Iyer,Admin,Thane,64200,anjali.iyer0731@company.com,2022-01-28
732,Aditya Naik,IT,Nagpur,131100,aditya.naik0732@corp.in,2023-04-27
733,Pooja Sharma,R&D,Delhi,190200,pooja.sharma0733@corp.in,2022-09-16
734,Arjun Joshi,IT,Aurangabad,76400,arjun.joshi0734@corp.in,2020-02-12
735,Kiran Kulkarni,Sales,Kolhapur,76300,kiran.kulkarni0735@corp.in,2024-07-17
736,Anjali Reddy,Marketing,Delhi,36000,anjali.reddy0736@corp.in,2020-11-18
737,Meera Shetty,Sales,Delhi,106400,meera.shetty0737@example.com,2024-01-04
738,Sneha Gupta,R&D,Nagpur,174200,sneha.gupta0738@example.com,2020-03-01
739,Sneha Joshi,Data Engineering,Delhi,74000,sneha.joshi0739@corp.in,2020-12-03
740,Komal Mehta,Operations,Mumbai,84600,komal.mehta0740@corp.in,2023-01-01
741,Manish Reddy,Sales,Solapur,79400,manish.reddy0741@corp.in,2025-07-14
742,Amit Bhosale,Support,Solapur,66500,amit.bhosale0742@company.com,2025-07-08
743,Rohan Singh,HR,Kolhapur,76500,rohan.singh0743@company.com,2022-09-09
744,Priya Suryawanshi,Operations,Delhi,67100,priya.suryawanshi0744@company.com,2023-01-24
745,Amit Mehta,HR,Kolhapur,79200,amit.mehta0745@corp.in,2023-12-12
746,Meera Shetty,Finance,Solapur,60600,meera.shetty0746@example.com,2022-07-25
747,Isha Singh,Finance,Nagpur,72700,isha.singh0747@corp.in,2022-05-08
748,Amit Gupta,Sales,Nagpur,60000,amit.gupta0748@company.com,2022-11-29
749,Arjun Kamble,Finance,Mumbai,47900,arjun.kamble0749@company.com,2025-08-20
750,Arjun Pawar,Admin,Pune,56600,arjun.pawar0750@example.com,2023-08-25
751,Aditya Reddy,Sales,Solapur,54000,aditya.reddy0751@corp.in,2023-04-03
752,Anjali Gupta,R&D,Nashik,69200,anjali.gupta0752@corp.in,2024-11-09
753,Aditya Shetty,IT,Delhi,90500,aditya.shetty0753@example.com,2022-01-26
754,Shreya Patil,Admin,Solapur,45700,shreya.patil0754@corp.in,2020-03-16
755,Asha Jadhav,Data Engineering,Bengaluru,73200,asha.jadhav0755@example.com,2024-03-02
756,Arjun Singh,Finance,Delhi,57200,arjun.singh0756@company.com,2023-02-18
757,Aditya Iyer,Operations,Aurangabad,44100,aditya.iyer0757@example.com,2024-11-12
758,Pooja Suryawanshi,Operations,Aurangabad,58300,pooja.suryawanshi0758@example.com,2025-03-02
759,Kiran Reddy,Finance,Bengaluru,85000,kiran.reddy0759@company.com,2021-03-26
760,Sneha Gupta,Admin,Kolhapur,50000,sneha.gupta0760@company.com,2021-09-30
761,Neha More,IT,Nashik,100200,neha.more0761@example.com,2021-08-14
762,Komal Shetty,Operations,Solapur,51700,komal.shetty0762@example.com,2020-08-24
763,Anjali Patil,Finance,Pune,54100,anjali.patil0763@example.com,2025-06-15
764,Rohan Naik,Operations,Thane,55700,rohan.naik0764@example.com,2023-01-01
765,Saurabh Pawar,Data Engineering,Mumbai,106000,saurabh.pawar0765@corp.in,2022-05-05
766,Isha Reddy,Admin,Nashik,43700,isha.reddy0766@example.com,2023-10-04
767,Komal More,Support,Mumbai,53000,komal.more0767@corp.in,2023-04-29
768,Shreya Desai,Finance,Aurangabad,67600,shreya.desai0768@corp.in,2024-08-25
769,Meera Kulkarni,Finance,Aurangabad,55000,meera.kulkarni0769@example.com,2023-08-31
770,Vikas Singh,R&D,Kolhapur,126100,vikas.singh0770@example.com,2024-03-08
771,Isha Gadkari,Support,Kolhapur,39000,isha.gadkari0771@company.com,2020-05-15
772,Neha Gupta,Sales,Mumbai,57600,neha.gupta0772@company.com,2024-07-25
773,Rohan Patil,HR,Solapur,70900,rohan.patil0773@company.com,2020-05-28
774,Anjali Gadkari,HR,Mumbai,52200,anjali.gadkari0774@corp.in,2021-11-08
775,Meera Chavan,Sales,Nagpur,62400,meera.chavan0775@corp.in,2023-04-19
776,Shreya Desai,Finance,Delhi,95000,shreya.desai0776@company.com,2020-06-07
777,Rahul Kamble,Operations,Solapur,62600,rahul.kamble0777@corp.in,2023-03-02
778,Manish Naik,Finance,Delhi,51600,manish.naik0778@corp.in,2025-03-26
779,Isha Suryawanshi,Admin,Delhi,45300,isha.suryawanshi0779@example.com,2025-07-06
780,Manish Gupta,HR,Solapur,55200,manish.gupta0780@example.com,2024-09-25
781,Sneha Desai,Sales,Pune,30000,sneha.desai0781@corp.in,2021-08-22
782,Saurabh Mehta,Support,Delhi,28500,saurabh.mehta0782@corp.in,2025-08-17
783,Aditya Mehta,IT,Kolhapur,83400,aditya.mehta0783@corp.in,2022-09-15
784,Asha Shetty,Operations,Nagpur,59000,asha.shetty0784@corp.in,2025-01-05
785,Anjali Gupta,Finance,Kolhapur,94300,anjali.gupta0785@example.com,2022-08-02
786,Sneha Kulkarni,Data Engineering,Nagpur,127700,sneha.kulkarni0786@corp.in,2023-02-28
787,Vikas Shetty,Sales,Kolhapur,54600,vikas.shetty0787@company.com,2022-02-27
788,Neha Mehta,HR,Solapur,75500,neha.mehta0788@example.com,2023-03-01
789,Arjun More,Marketing,Aurangabad,36300,arjun.more0789@company.com,2020-09-01
790,Manish Pawar,Finance,Mumbai,58500,manish.pawar0790@example.com,2021-07-07
791,Shreya Pawar,Marketing,Mumbai,44900,shreya.pawar0791@company.com,2025-08-24
792,Pooja Bhosale,Data Engineering,Thane,163000,pooja.bhosale0792@example.com,2024-04-11
793,Shreya Sharma,Operations,Mumbai,81200,shreya.sharma0793@company.com,2020-09-27
794,Sneha Chavan,HR,Delhi,65800,sneha.chavan0794@company.com,2022-04-08
795,Sneha Chavan,IT,Mumbai,138700,sneha.chavan0795@company.com,2024-06-05
796,Shreya Gupta,IT,Nagpur,105400,shreya.gupta0796@corp.in,2021-03-01
797,Komal Jadhav,Support,Kolhapur,48500,komal.jadhav0797@example.com,2021-11-21
798,Rahul Shetty,Admin,Mumbai,41600,rahul.shetty0798@example.com,2023-06-18
799,Pooja Kamble,IT,Nagpur,59800,pooja.kamble0799@company.com,2024-12-24
800,Priya Pawar,Finance,Thane,78300,priya.pawar0800@company.com,2024-07-20
801,Amit Pawar,IT,Bengaluru,135500,amit.pawar0801@example.com,2021-11-06
802,Saurabh Kulkarni,Marketing,Nashik,67800,saurabh.kulkarni0802@company.com,2023-11-28
803,Rahul Sharma,Operations,Nashik,78000,rahul.sharma0803@corp.in,2021-04-25
804,Neha More,Marketing,Aurangabad,71600,neha.more0804@corp.in,2024-01-03
805,Shreya Jadhav,IT,Kolhapur,91900,shreya.jadhav0805@corp.in,2021-08-15
806,Sneha Sharma,Support,Solapur,64600,sneha.sharma0806@example.com,2025-08-10
807,Pooja Reddy,Finance,Delhi,62800,pooja.reddy0807@example.com,2025-05-13
808,Sneha Iyer,Admin,Nashik,29500,sneha.iyer0808@corp.in,2021-11-06
809,Shreya Mehta,Sales,Delhi,78100,shreya.mehta0809@example.com,2020-02-13
810,Komal Chavan,Finance,Pune,80600,komal.chavan0810@example.com,2022-10-16
811,Priya Kulkarni,Admin,Kolhapur,37400,priya.kulkarni0811@corp.in,2025-09-09
812,Manish Desai,R&D,Thane,139600,manish.desai0812@example.com,2023-09-22
813,Rohan Patil,Admin,Mumbai,27900,rohan.patil0813@company.com,2022-02-11
814,Rahul Jadhav,HR,Solapur,47600,rahul.jadhav0814@company.com,2020-06-20
815,Isha Chavan,Support,Delhi,68900,isha.chavan0815@corp.in,2022-12-25
816,Rahul Kamble,Marketing,Bengaluru,82000,rahul.kamble0816@company.com,2020-04-04
817,Pooja More,HR,Solapur,76900,pooja.more0817@company.com,2024-02-28
818,Manish Suryawanshi,Operations,Pune,72400,manish.suryawanshi0818@example.com,2026-01-16
819,Rahul Kulkarni,Sales,Mumbai,58300,rahul.kulkarni0819@corp.in,2021-03-14
820,Rohan Gupta,Admin,Kolhapur,37400,rohan.gupta0820@company.com,2026-01-05
821,Amit Reddy,Finance,Delhi,89100,amit.reddy0821@corp.in,2024-10-07
822,Rohan Reddy,Operations,Solapur,78000,rohan.reddy0822@corp.in,2024-11-25
823,Rohan Joshi,Finance,Delhi,66300,rohan.joshi0823@corp.in,2023-11-24
824,Kiran Shetty,R&D,Solapur,147400,kiran.shetty0824@example.com,2023-10-02
825,Saurabh Suryawanshi,Data Engineering,Aurangabad,139700,saurabh.suryawanshi0825@company.com,2022-07-06
826,Anjali Shetty,Sales,Aurangabad,89300,anjali.shetty0826@example.com,2024-07-25
827,Asha Sharma,Sales,Bengaluru,32100,asha.sharma0827@corp.in,2021-08-17
828,Vikas Pawar,Sales,Nagpur,58200,vikas.pawar0828@example.com,2020-05-09
829,Sneha Shetty,Admin,Delhi,62400,sneha.shetty0829@corp.in,2021-11-05
830,Rohan Sharma,Support,Aurangabad,38200,rohan.sharma0830@company.com,2023-01-31
831,Saurabh Reddy,Marketing,Nagpur,51800,saurabh.reddy0831@example.com,2021-02-21
832,Isha Chavan,R&D,Nagpur,75200,isha.chavan0832@corp.in,2023-10-02
833,Aditya Joshi,Support,Bengaluru,34200,aditya.joshi0833@corp.in,2023-06-25
834,Rahul Reddy,Data Engineering,Mumbai,162300,rahul.reddy0834@company.com,2023-11-11
835,Saurabh Suryawanshi,Data Engineering,Mumbai,174000,saurabh.suryawanshi0835@company.com,2020-03-28
836,Anjali Sharma,Sales,Delhi,35400,anjali.sharma0836@example.com,2021-10-15
837,Priya Gadkari,Marketing,Nashik,38300,priya.gadkari0837@corp.in,2024-07-08
838,Shreya Iyer,R&D,Delhi,78600,shreya.iyer0838@company.com,2024-12-15
839,Vikas Chavan,Finance,Nashik,62000,vikas.chavan0839@company.com,2025-06-13
840,Isha Sharma,Admin,Kolhapur,42200,isha.sharma0840@company.com,2024-07-31
841,Komal Suryawanshi,Finance,Nashik,71500,komal.suryawanshi0841@corp.in,2022-05-02
842,Aditya Chavan,R&D,Nagpur,192400,aditya.chavan0842@company.com,2022-10-30
843,Meera Singh,Data Engineering,Aurangabad,149700,meera.singh0843@corp.in,2021-02-11
844,Rohan Suryawanshi,Data Engineering,Aurangabad,105700,rohan.suryawanshi0844@company.com,2023-09-16
845,Saurabh Iyer,IT,Thane,67200,saurabh.iyer0845@example.com,2025-01-26
846,Arjun Desai,Support,Pune,43300,arjun.desai0846@company.com,2024-04-21
847,Neha Kulkarni,HR,Pune,50900,neha.kulkarni0847@corp.in,2021-10-07
848,Vikas Pawar,Operations,Mumbai,52000,vikas.pawar0848@example.com,2025-05-24
849,Asha Bhosale,Marketing,Delhi,48900,asha.bhosale0849@company.com,2025-12-24
850,Sneha Shetty,Support,Bengaluru,37300,sneha.shetty0850@corp.in,2020-04-26
851,Anjali Reddy,Admin,Pune,41700,anjali.reddy0851@company.com,2020-10-14
852,Vikas Jadhav,R&D,Thane,68900,vikas.jadhav0852@example.com,2020-03-16
853,Meera Chavan,Sales,Aurangabad,44100,meera.chavan0853@company.com,2023-05-24
854,Anjali Gupta,Data Engineering,Delhi,153000,anjali.gupta0854@company.com,2023-08-26
855,Aditya Iyer,Admin,Mumbai,37200,aditya.iyer0855@company.com,2025-09-22
856,Shreya Shetty,IT,Pune,77400,shreya.shetty0856@corp.in,2023-07-13
857,Priya More,Data Engineering,Nashik,62400,priya.more0857@example.com,2024-01-22
858,Saurabh Mehta,Marketing,Delhi,53100,saurabh.mehta0858@company.com,2023-01-01
859,Anjali Pawar,Admin,Thane,39800,anjali.pawar0859@company.com,2023-12-11
860,Anjali Desai,HR,Kolhapur,69100,anjali.desai0860@corp.in,2022-08-30
861,Nikhil Gupta,R&D,Nashik,166800,nikhil.gupta0861@example.com,2023-10-21
862,Shreya Shetty,Finance,Nagpur,82800,shreya.shetty0862@company.com,2022-05-19
863,Neha Mehta,Admin,Nashik,53200,neha.mehta0863@company.com,2021-11-19
864,Priya Kulkarni,Admin,Delhi,32800,priya.kulkarni0864@company.com,2023-09-03
865,Neha Pawar,Operations,Kolhapur,59000,neha.pawar0865@example.com,2025-01-29
866,Sneha Desai,Marketing,Mumbai,43600,sneha.desai0866@company.com,2020-05-28
867,Arjun Iyer,Sales,Bengaluru,104300,arjun.iyer0867@corp.in,2022-09-13
868,Arjun Gupta,Marketing,Pune,58500,arjun.gupta0868@company.com,2025-06-16
869,Neha Gadkari,R&D,Solapur,153000,neha.gadkari0869@company.com,2024-06-16
870,Aditya More,Finance,Nashik,52700,aditya.more0870@company.com,2020-06-22
871,Nikhil Pawar,Sales,Kolhapur,59200,nikhil.pawar0871@corp.in,2022-05-21
872,Pooja Kulkarni,Finance,Solapur,80400,pooja.kulkarni0872@example.com,2023-10-03
873,Shreya Gupta,Data Engineering,Kolhapur,161700,shreya.gupta0873@company.com,2024-05-18
874,Priya Chavan,R&D,Bengaluru,195600,priya.chavan0874@corp.in,2020-07-17
875,Komal Patil,Support,Solapur,30800,komal.patil0875@company.com,2025-12-05
876,Manish Chavan,IT,Delhi,95800,manish.chavan0876@corp.in,2020-08-30
877,Pooja Mehta,Support,Kolhapur,48000,pooja.mehta0877@example.com,2025-04-14
878,Kiran Suryawanshi,Sales,Bengaluru,37100,kiran.suryawanshi0878@corp.in,2025-11-28
879,Neha Naik,Support,Mumbai,60800,neha.naik0879@company.com,2022-02-16
880,Isha Shetty,Finance,Kolhapur,67100,isha.shetty0880@example.com,2025-03-02
881,Asha Joshi,Support,Bengaluru,41200,asha.joshi0881@example.com,2021-02-14
882,Sneha Bhosale,Finance,Mumbai,46000,sneha.bhosale0882@company.com,2025-02-24
883,Saurabh Kulkarni,Admin,Kolhapur,58500,saurabh.kulkarni0883@corp.in,2021-11-26
884,Anjali Shetty,Data Engineering,Pune,160700,anjali.shetty0884@company.com,2023-11-14
885,Isha Desai,Finance,Nashik,51700,isha.desai0885@corp.in,2020-09-08
886,Nikhil Mehta,Sales,Solapur,67900,nikhil.mehta0886@corp.in,2022-02-20
887,Rohan Desai,Marketing,Pune,75800,rohan.desai0887@example.com,2020-04-01
888,Shreya More,Support,Delhi,28400,shreya.more0888@corp.in,2025-08-24
889,Amit Jadhav,R&D,Solapur,173900,amit.jadhav0889@example.com,2025-01-24
890,Meera Iyer,R&D,Pune,119200,meera.iyer0890@corp.in,2023-03-26
891,Arjun Shetty,Marketing,Pune,47100,arjun.shetty0891@company.com,2020-09-23
892,Saurabh Sharma,Finance,Pune,83700,saurabh.sharma0892@corp.in,2023-06-17
893,Priya Kulkarni,IT,Mumbai,99700,priya.kulkarni0893@company.com,2021-12-02
894,Vikas Iyer,R&D,Bengaluru,101500,vikas.iyer0894@example.com,2024-02-25
895,Rahul Kulkarni,Sales,Aurangabad,78300,rahul.kulkarni0895@example.com,2020-11-14
896,Nikhil Shetty,HR,Thane,65900,nikhil.shetty0896@company.com,2021-06-24
897,Sneha Bhosale,Admin,Kolhapur,59400,sneha.bhosale0897@company.com,2022-06-16
898,Arjun Sharma,HR,Bengaluru,76200,arjun.sharma0898@corp.in,2021-02-04
899,Aditya Iyer,Sales,Kolhapur,109800,aditya.iyer0899@example.com,2023-01-09
900,Komal Reddy,R&D,Aurangabad,89000,komal.reddy0900@corp.in,2025-09-05
901,Komal More,Support,Nashik,67900,komal.more0901@company.com,2023-05-15
902,Pooja Pawar,HR,Pune,65500,pooja.pawar0902@corp.in,2021-06-08
903,Pooja Iyer,Data Engineering,Kolhapur,66000,pooja.iyer0903@example.com,2024-01-13
904,Manish Jadhav,IT,Nagpur,135400,manish.jadhav0904@example.com,2022-12-19
905,Meera Mehta,Sales,Delhi,102100,meera.mehta0905@example.com,2020-03-07
906,Rohan Bhosale,Operations,Kolhapur,79500,rohan.bhosale0906@corp.in,2020-06-09
907,Kiran Jadhav,Operations,Aurangabad,76100,kiran.jadhav0907@example.com,2025-06-07
908,Rahul Desai,Support,Nashik,69100,rahul.desai0908@example.com,2023-11-14
909,Shreya Suryawanshi,IT,Delhi,84200,shreya.suryawanshi0909@corp.in,2023-08-26
910,Manish Shetty,IT,Nagpur,120700,manish.shetty0910@corp.in,2023-10-31
911,Saurabh Kulkarni,Finance,Thane,42000,saurabh.kulkarni0911@example.com,2024-04-26
912,Manish Joshi,R&D,Bengaluru,157100,manish.joshi0912@company.com,2021-06-03
913,Vikas Bhosale,IT,Thane,99200,vikas.bhosale0913@company.com,2025-09-07
914,Amit Kamble,Support,Thane,42200,amit.kamble0914@corp.in,2023-07-03
915,Kiran Patil,Operations,Pune,83000,kiran.patil0915@company.com,2021-02-24
916,Shreya Gadkari,IT,Solapur,110500,shreya.gadkari0916@company.com,2022-03-31
917,Priya More,Admin,Thane,46500,priya.more0917@company.com,2021-03-19
918,Komal Desai,Marketing,Pune,65100,komal.desai0918@example.com,2025-12-20
919,Rohan Pawar,Sales,Pune,107900,rohan.pawar0919@company.com,2023-11-07
920,Shreya Sharma,HR,Delhi,78200,shreya.sharma0920@corp.in,2023-08-13
921,Asha Reddy,Sales,Nagpur,72100,asha.reddy0921@company.com,2022-04-09
922,Vikas Singh,Admin,Aurangabad,53900,vikas.singh0922@corp.in,2021-06-06
923,Sneha Desai,Finance,Thane,47500,sneha.desai0923@company.com,2025-11-16
924,Rohan Jadhav,Admin,Aurangabad,61000,rohan.jadhav0924@example.com,2023-02-25
925,Neha Mehta,R&D,Nagpur,99900,neha.mehta0925@company.com,2023-08-09
926,Arjun Bhosale,Admin,Solapur,28300,arjun.bhosale0926@company.com,2020-06-08
927,Aditya Sharma,HR,Kolhapur,38500,aditya.sharma0927@company.com,2024-11-22
928,Anjali Joshi,R&D,Bengaluru,171900,anjali.joshi0928@corp.in,2024-02-06
929,Vikas Bhosale,Marketing,Delhi,40100,vikas.bhosale0929@example.com,2021-08-03
930,Meera Naik,HR,Solapur,55300,meera.naik0930@corp.in,2025-05-01
931,Aditya Gupta,Marketing,Nashik,75400,aditya.gupta0931@example.com,2024-03-09
932,Anjali Joshi,Operations,Aurangabad,61700,anjali.joshi0932@example.com,2020-06-13
933,Meera More,HR,Aurangabad,66400,meera.more0933@example.com,2022-01-10
934,Vikas Kamble,R&D,Bengaluru,88400,vikas.kamble0934@corp.in,2021-04-07
935,Anjali Patil,Operations,Delhi,74600,anjali.patil0935@company.com,2023-07-02
936,Manish Naik,Data Engineering,Bengaluru,114200,manish.naik0936@company.com,2022-11-05
937,Manish Joshi,Support,Kolhapur,32300,manish.joshi0937@example.com,2022-06-12
938,Isha Suryawanshi,Data Engineering,Bengaluru,163200,isha.suryawanshi0938@example.com,2022-10-05
939,Kiran Kulkarni,R&D,Solapur,85000,kiran.kulkarni0939@corp.in,2025-04-21
940,Priya Shetty,HR,Solapur,46500,priya.shetty0940@example.com,2024-08-30
941,Meera Iyer,HR,Bengaluru,59800,meera.iyer0941@example.com,2025-08-27
942,Rahul Kulkarni,Marketing,Nashik,73100,rahul.kulkarni0942@corp.in,2020-02-11
943,Neha Desai,Support,Delhi,47100,neha.desai0943@example.com,2025-02-15
944,Pooja Jadhav,Operations,Thane,69400,pooja.jadhav0944@corp.in,2023-07-12
945,Nikhil Kamble,HR,Bengaluru,35500,nikhil.kamble0945@corp.in,2025-11-01
946,Anjali Desai,Sales,Pune,78400,anjali.desai0946@corp.in,2020-09-15
947,Asha Shetty,Operations,Mumbai,50500,asha.shetty0947@company.com,2022-10-01
948,Nikhil Reddy,Data Engineering,Aurangabad,153300,nikhil.reddy0948@example.com,2024-08-31
949,Anjali Suryawanshi,Admin,Nagpur,36400,anjali.suryawanshi0949@example.com,2021-09-02
950,Pooja Shetty,Data Engineering,Aurangabad,170100,pooja.shetty0950@example.com,2021-11-03
951,Vikas Desai,Finance,Pune,44700,vikas.desai0951@corp.in,2020-04-15
952,Neha More,Data Engineering,Nashik,71100,neha.more0952@company.com,2024-10-10
953,Shreya Iyer,Data Engineering,Bengaluru,83600,shreya.iyer0953@example.com,2025-10-28
954,Nikhil Shetty,Support,Kolhapur,51300,nikhil.shetty0954@company.com,2022-03-13
955,Nikhil Iyer,IT,Bengaluru,110300,nikhil.iyer0955@corp.in,2022-10-07
956,Komal Singh,Data Engineering,Delhi,135500,komal.singh0956@example.com,2020-06-27
957,Rahul Reddy,Support,Aurangabad,35400,rahul.reddy0957@corp.in,2025-07-06
958,Meera Desai,Admin,Thane,55500,meera.desai0958@corp.in,2020-12-27
959,Komal Iyer,HR,Nagpur,66000,komal.iyer0959@corp.in,2020-12-26
960,Manish Reddy,Sales,Bengaluru,36900,manish.reddy0960@example.com,2020-03-26
961,Aditya Naik,Admin,Solapur,62600,aditya.naik0961@corp.in,2023-10-30
962,Nikhil Kamble,Sales,Thane,52000,nikhil.kamble0962@company.com,2023-07-10
963,Isha Singh,IT,Solapur,120800,isha.singh0963@company.com,2020-09-09
964,Vikas Iyer,IT,Thane,108500,vikas.iyer0964@company.com,2021-07-14
965,Komal Kulkarni,Sales,Thane,47400,komal.kulkarni0965@corp.in,2023-04-06
966,Sneha Singh,IT,Mumbai,124100,sneha.singh0966@company.com,2021-10-22
967,Shreya Kamble,Finance,Thane,91300,shreya.kamble0967@corp.in,2022-10-05
968,Aditya Joshi,Admin,Pune,47500,aditya.joshi0968@company.com,2021-09-27
969,Arjun Desai,Support,Kolhapur,53100,arjun.desai0969@company.com,2025-01-17
970,Kiran Jadhav,R&D,Aurangabad,69200,kiran.jadhav0970@corp.in,2023-01-28
971,Rohan Sharma,Finance,Solapur,66100,rohan.sharma0971@example.com,2023-06-29
972,Aditya Shetty,Marketing,Kolhapur,79800,aditya.shetty0972@corp.in,2024-06-26
973,Aditya Singh,Finance,Delhi,68500,aditya.singh0973@company.com,2023-05-08
974,Shreya Chavan,Operations,Delhi,76800,shreya.chavan0974@company.com,2021-03-15
975,Manish Kamble,Data Engineering,Bengaluru,145500,manish.kamble0975@example.com,2023-11-14
976,Sneha Singh,HR,Thane,77900,sneha.singh0976@corp.in,2024-07-01
977,Shreya Gupta,R&D,Nagpur,191300,shreya.gupta0977@example.com,2022-02-16
978,Priya Shetty,IT,Pune,53900,priya.shetty0978@company.com,2024-09-21
979,Rohan Gadkari,HR,Solapur,58000,rohan.gadkari0979@company.com,2023-04-16
980,Sneha Jadhav,IT,Pune,126200,sneha.jadhav0980@company.com,2020-09-30
981,Arjun Jadhav,R&D,Mumbai,86500,arjun.jadhav0981@company.com,2021-07-27
982,Anjali Reddy,Finance,Mumbai,85600,anjali.reddy0982@company.com,2022-12-14
983,Vikas Naik,HR,Solapur,53100,vikas.naik0983@example.com,2023-09-27
984,Sneha Joshi,HR,Thane,39100,sneha.joshi0984@example.com,2024-06-20
985,Priya Sharma,Sales,Thane,53300,priya.sharma0985@example.com,2020-11-21
986,Aditya Jadhav,R&D,Kolhapur,101800,aditya.jadhav0986@corp.in,2025-08-18
987,Rohan Desai,Admin,Kolhapur,39300,rohan.desai0987@corp.in,2021-04-21
988,Shreya Singh,HR,Pune,39800,shreya.singh0988@company.com,2022-12-03
989,Shreya Pawar,Support,Nashik,70000,shreya.pawar0989@company.com,2020-07-14
990,Anjali Singh,Finance,Aurangabad,65600,anjali.singh0990@corp.in,2020-02-26
991,Komal More,Support,Kolhapur,54500,komal.more0991@corp.in,2020-11-24
992,Manish Gupta,IT,Kolhapur,135300,manish.gupta0992@example.com,2021-06-21
993,Isha Shetty,Operations,Aurangabad,76700,isha.shetty0993@example.com,2024-08-08
994,Rahul Kulkarni,Operations,Delhi,54300,rahul.kulkarni0994@company.com,2025-04-07
995,Vikas Jadhav,Finance,Delhi,42600,vikas.jadhav0995@example.com,2022-04-03
996,Vikas Chavan,HR,Aurangabad,66900,vikas.chavan0996@company.com,2025-01-08
997,Pooja Desai,IT,Nagpur,48300,pooja.desai0997@corp.in,2022-10-14
998,Aditya Chavan,HR,Delhi,77200,aditya.chavan0998@example.com,2025-09-18
999,Manish Naik,IT,Pune,89500,manish.naik0999@company.com,2023-11-25
1000,Rahul Chavan,HR,Nagpur,77800,rahul.chavan1000@corp.in,2025-12-23
